"DATA_YEAR","PROPERTY_ID","PROP_DESC_ID","PROPERTY_VALUE","DATE_RECOVERED","NIBRS_PROP_DESC_ID"
2018,113079672,9,,,122907525
2018,113079672,47,,,122907526
2018,113079672,25,20,,122907524
2018,113070567,16,440,,122906008
2018,113077402,10,,,122890109
2018,113070586,10,,,122890120
2018,113077434,4,250,,122890144
2018,113070614,43,1500,,122907577
2018,113070625,47,,,122890153
2018,113070636,38,50,28-NOV-18,122890163
2018,113070633,38,50,,122890159
2018,113070638,63,375,,122906087
2018,113077465,10,,,122906091
2018,113070660,20,200,,122890188
2018,116012803,63,35,,126817065
2018,116012803,7,550,,126817066
2018,116012612,3,23500,,126801826
2018,113079683,9,,,122907534
2018,113077393,3,20000,,122906012
2018,113070573,9,,,122906015
2018,113070573,47,,,122907540
2018,113070573,25,40,,122907537
2018,113070573,20,2,,122906017
2018,113070573,51,,,122906018
2018,113079705,10,,,122906039
2018,113079707,9,,,122907557
2018,113079707,51,,,122890125
2018,113079707,25,30,,122890124
2018,113070634,3,1000,,122890161
2018,113077454,16,100,,122907601
2018,113079767,63,100,,122906099
2018,116012633,9,,,126801858
2018,116012741,63,1,,126801983
2018,116012741,51,,,126801989
2018,116012741,25,20,,126801986
2018,116029723,63,9,,126819105
2018,116029721,63,9,06-OCT-18,126819103
2018,116029741,9,0,,126819140
2018,116016989,8,9,02-NOV-18,126808223
2018,116029777,8,9,,126808225
2018,116029782,10,,,126808233
2018,116029813,9,0,,126819256
2018,116029813,20,90,,126819249
2018,116029813,51,0,,126808245
2018,116029813,15,20,,126819250
2018,116029878,47,0,,126819342
2018,116012592,9,,,126801796
2018,116029748,10,,,126819157
2018,116029754,20,200,,126812260
2018,116029765,10,,,126819184
2018,116029784,63,1500,,126819207
2018,116029823,10,,,126808255
2018,116029832,63,65,,126819277
2018,116029850,26,150,,126819314
2018,116017034,25,2530,,126819323
2018,116017034,20,400,,126808276
2018,116017034,17,2500,,126819325
2018,116012686,20,6140,,126801926
2018,116012695,3,39000,,126801938
2018,116012823,20,7920,,126817092
2018,116011924,38,450,,126801133
2018,116011924,61,400,,126801138
2018,116011924,15,1000,,126801132
2018,116011924,7,300,,126801134
2018,116011924,63,100,,126807058
2018,116011924,16,300,,126801139
2018,116011924,26,300,,126807057
2018,116012484,6,75,03-JAN-19,126801661
2018,116012483,6,75,,126801660
2018,116012498,25,1520,,126801681
2018,116012583,52,,,126801783
2018,116016058,17,5590,,126807196
2018,116012657,3,15000,,126801888
2018,116029362,63,110,,126818693
2018,116029364,63,115,,126818694
2018,116016763,7,157,,126807960
2018,116029367,63,227,,126807961
2018,116016807,3,8000,,126808008
2018,116012727,21,113000,,126801967
2018,116012731,47,,,126801971
2018,116016937,13,350,,126819043
2018,116029702,20,1501,,126819075
2018,116016971,36,10,,126819154
2018,116016967,36,10,15-OCT-18,126819147
2018,116016967,19,31,15-OCT-18,126819146
2018,116016967,6,9,15-OCT-18,126808195
2018,116016971,6,9,,126808196
2018,116016971,19,31,,126819151
2018,116029762,38,40,,126819180
2018,116029779,62,50,,126819200
2018,116029787,10,,,126819209
2018,116029843,15,7984,,126819300
2018,116029849,6,17,11-DEC-18,126819308
2018,116029856,16,253,,126819315
2018,116029856,63,45,,126819317
2018,116029856,8,5,,126808274
2018,116029849,8,5,11-DEC-18,126819311
2018,116029849,63,35,11-DEC-18,126819307
2018,116029856,6,32,,126819320
2018,116029849,16,253,11-DEC-18,126819306
2018,116017040,61,800,,126808283
2018,116029936,10,,,126819435
2018,116024234,17,15000,,126801659
2018,116012627,62,3000,,126801850
2018,116016995,10,,,126819205
2018,116029791,20,615,,126819214
2018,116029809,8,55,,126819253
2018,116017037,16,375,,126819328
2018,116017046,10,,,126819348
2018,116024313,61,250,,126817921
2018,116024366,20,30000,,126812228
2018,116029719,10,,,126819098
2018,116029781,61,1000,,126808229
2018,116029781,9,0,,126808231
2018,116029781,25,200,,126819203
2018,116029781,51,0,,126819204
2018,116029781,38,600,,126819201
2018,116029781,63,300,,126819202
2018,116017001,43,100,,126808240
2018,116017001,6,445,,126808237
2018,116017001,62,10,,126819224
2018,116017001,63,339,,126808238
2018,116017001,27,75,,126819221
2018,116017001,13,2000,,126819213
2018,116029816,63,10,07-DEC-18,126808250
2018,116029816,61,290,07-DEC-18,126819260
2018,116029817,63,10,,126808252
2018,116029817,61,290,,126819263
2018,116029838,7,2500,,126819295
2018,116016398,7,110,,126807563
2018,116013827,20,527,,126818153
2018,116013890,9,,,126818206
2018,116024369,15,6000,,126808019
2018,116029443,3,1,,126818800
2018,116016872,20,8000,,126808074
2018,116029675,21,1055,,126819041
2018,116016935,63,72,16-DEC-18,126819035
2018,116016936,8,1,,126819039
2018,116016936,63,220,,126819037
2018,116029677,38,24000,,126808148
2018,116029680,15,500,,126808150
2018,116016955,10,,,126819088
2018,116029713,10,158,,126812255
2018,116016959,63,50,,126812257
2018,116016960,36,1500,,126808178
2018,116016960,55,200,,126808180
2018,116029720,38,50,,126819100
2018,116029724,7,300,,126819107
2018,116029724,47,0,,126808186
2018,116029724,16,50,,126819109
2018,116029724,63,500,,126819106
2018,116029724,25,55,,126819108
2018,116029724,9,0,,126819111
2018,116029722,23,9,,126819104
2018,116029722,8,19,,126819102
2018,116016958,23,9,01-OCT-18,126819093
2018,116016958,6,69,01-OCT-18,126808176
2018,116016958,16,133,01-OCT-18,126808175
2018,116016958,8,19,01-OCT-18,126808177
2018,116029722,16,133,,126808184
2018,116029722,6,69,,126819101
2018,116029716,10,,,126819096
2018,116029728,29,300,,126819113
2018,116029728,63,0,,126819115
2018,116029736,16,35,,126819136
2018,116029736,20,36,,126819133
2018,116029734,20,36,08-OCT-18,126819127
2018,116029734,16,35,08-OCT-18,126819128
2018,116029740,2,8,,126819141
2018,116024391,63,30,,126819143
2018,116024391,8,5,,126819144
2018,116016969,54,400,,126819148
2018,116016969,36,60,,126819149
2018,116016968,63,20,05-NOV-18,126808194
2018,116029742,63,20,,126819152
2018,116029747,10,,,126808200
2018,116016970,19,49,12-OCT-18,126812258
2018,116029745,19,49,,126819156
2018,116016972,10,,,126808197
2018,116029745,17,10,,126819159
2018,116016970,17,10,12-OCT-18,126819150
2018,116029746,2,2,,126819160
2018,116029743,2,2,19-OCT-18,126819155
2018,116016975,10,,,126819163
2018,116016976,6,52,,126819162
2018,116029744,23,2,15-OCT-18,126819158
2018,116029744,19,53,15-OCT-18,126819153
2018,116016976,23,2,,126808203
2018,116029744,6,52,15-OCT-18,126812259
2018,116016976,19,53,,126819161
2018,116016976,63,3,,126808202
2018,116029744,36,47,15-OCT-18,126808198
2018,116029744,63,3,15-OCT-18,126808199
2018,116016976,36,47,,126819164
2018,116029751,47,0,,126808205
2018,116029751,20,1600,,126808204
2018,116029751,63,1,,126819168
2018,116029749,13,26,,126819165
2018,116029753,3,3500,,126819169
2018,116016979,10,,,126808208
2018,116029757,10,,,126819170
2018,116029752,10,,,126808206
2018,116029763,52,0,,126819183
2018,116029359,63,115,,126818691
2018,116029710,38,100,,126819084
2018,116029738,38,600,,126819138
2018,116029774,52,0,,126808221
2018,116017005,61,500,,126819239
2018,116017005,47,0,,126819246
2018,116017005,25,100,,126819240
2018,116017005,9,0,,126819245
2018,116029830,10,,,126808260
2018,116029865,10,,,126819327
2018,116029874,26,498,27-DEC-18,126819338
2018,116029875,26,498,,126819340
2018,116029886,10,,,126808293
2018,116029886,51,0,,126808292
2018,116029886,11,1,,126819345
2018,116029360,7,240,,126818689
2018,116016775,9,,,126818724
2018,116016775,51,,,126818725
2018,116029729,63,85,,126808187
2018,116029729,17,10,,126819119
2018,116029725,6,50,06-OCT-18,126819112
2018,116029729,6,50,,126819118
2018,116029725,17,10,06-OCT-18,126819114
2018,116029725,63,85,06-OCT-18,126819110
2018,116016966,10,,,126819145
2018,116016982,10,,,126819179
2018,116016993,63,200,02-NOV-18,126808230
2018,116016996,63,200,,126819206
2018,116029790,49,35,,126819217
2018,116029790,13,360,,126819215
2018,116017018,62,6800,,126819273
2018,116017018,63,750,,126819274
2018,116029836,16,1000,,126819291
2018,116029837,16,5,,126819292
2018,116029761,10,,,126819175
2018,116029772,63,730,,126819196
2018,116016986,20,25300,,126819190
2018,116016986,17,22000,,126808218
2018,116016986,7,1300,,126808219
2018,116029775,38,10300,,126819198
2018,116029769,43,10,27-OCT-18,126808217
2018,116029776,26,15,,126808220
2018,116029769,62,25,27-OCT-18,126808214
2018,116029776,43,10,,126808222
2018,116029769,26,15,27-OCT-18,126808216
2018,116029776,62,25,,126819195
2018,116016990,17,10,,126808224
2018,116016990,63,9,,126808226
2018,116029778,10,,,126819199
2018,116029786,61,900,,126819208
2018,116029788,21,410,,126819210
2018,116016999,20,300,,126819212
2018,116029792,20,2000,,126819219
2018,116029792,9,0,,126819220
2018,116029789,63,25,,126819216
2018,116029797,63,10,,126819227
2018,116029796,63,10,16-NOV-18,126819225
2018,116029798,19,31,,126819226
2018,116029793,19,31,10-NOV-18,126808241
2018,116017003,9,0,,126819233
2018,116017003,20,20,,126819231
2018,116017003,51,0,,126819234
2018,116017003,26,600,,126819229
2018,116029803,19,20,,126819236
2018,116029803,36,749,,126819235
2018,116029805,6,22,16-NOV-18,126819241
2018,116029808,6,22,,126819247
2018,116029808,63,20,,126819248
2018,116029805,63,20,16-NOV-18,126819242
2018,116029807,10,,,126819244
2018,116029811,63,20,,126819257
2018,116029815,10,,,126819259
2018,116029810,13,2220,,126819251
2018,116029810,10,,,126819254
2018,116024392,10,,,126819255
2018,116017009,13,400,,126808248
2018,116017008,63,1,,126808247
2018,116017008,27,1,,126808246
2018,116029818,67,1,,126808253
2018,116017014,63,3600,,126819267
2018,116029825,51,0,,126819270
2018,116029825,47,0,,126819268
2018,116029826,20,4860,,126819271
2018,116017017,20,700,,126808258
2018,116029827,10,,,126808257
2018,116029829,63,5,,126808259
2018,116017021,20,910,,126819284
2018,116017024,16,50,,126808264
2018,116029840,47,0,,126819297
2018,116029841,8,20,,126819299
2018,116029839,8,20,09-DEC-18,126819294
2018,116029839,16,680,09-DEC-18,126819293
2018,116029841,16,1112,,126819296
2018,116029848,10,,,126819305
2018,116017028,10,,,126808267
2018,116029844,63,8,10-DEC-18,126819302
2018,116029847,63,8,,126819304
2018,116029844,16,20,10-DEC-18,126819301
2018,116029847,16,20,,126819303
2018,116029857,10,,,126808275
2018,116029855,10,,,126808271
2018,116029852,19,56,14-DEC-18,126819319
2018,116017033,19,56,,126819322
2018,116029861,10,,,126819324
2018,116029862,10,,,126808277
2018,116029866,63,25,,126819330
2018,116017038,51,0,,126808279
2018,116017042,10,,,126819334
2018,116029871,6,85,22-DEC-18,126819333
2018,116017043,6,85,,126808286
2018,116017043,17,3,,126819339
2018,116029871,17,3,22-DEC-18,126819336
2018,116017043,16,87,,126808284
2018,116017043,8,38,,126808287
2018,116029871,8,38,22-DEC-18,126819335
2018,116029871,16,87,22-DEC-18,126819332
2018,116029879,63,70,,126819343
2018,116017053,13,1500,,126808306
2018,116029935,9,0,,126819438
2018,116043771,38,40,,126826945
2018,116046919,3,1,,126830040
2018,116046918,3,1,30-APR-19,126816121
2018,116046920,38,120,,126830041
2018,116049244,38,120,30-APR-19,126830039
2018,116046925,37,24000,,126816124
2018,116043794,36,310,,126816133
2018,116043794,26,120,,126816132
2018,116043794,38,120,,126830056
2018,116043794,10,1,,126816131
2018,116043797,36,8400,,126830066
2018,116049252,54,219,,126816169
2018,116047028,9,0,,126816256
2018,116016055,21,3720,,126801853
2018,116013614,61,450,13-FEB-19,126817905
2018,116013616,61,450,,126817907
2018,116029718,7,1,,126819099
2018,116029718,19,328,,126808181
2018,116029739,6,900,,126808193
2018,116029739,63,300,,126819139
2018,116029758,10,,,126819171
2018,116029804,20,120,,126819238
2018,116017027,20,6127,,126808268
2018,116017035,10,,,126808278
2018,116029877,20,387,,126819341
2018,116046930,36,1051,,126816136
2018,116046930,63,695,,126816138
2018,116046930,25,3173,,126816137
2018,116046930,28,1400,,126830053
2018,116046930,16,1300,,126830054
2018,116046930,61,275,,126816134
2018,116046930,13,850,,126830055
2018,116046930,20,290,,126830057
2018,116046930,7,1300,,126830052
2018,116046930,6,2115,,126816135
2018,116012572,61,200,,126801767
2018,116012572,6,325,,126801763
2018,116012572,51,,,126801772
2018,116012572,25,878,,126801762
2018,116012572,7,847,,126801765
2018,116016042,25,2100,,126807181
2018,116016042,7,1800,,126801785
2018,116012581,20,187,,126801782
2018,116012628,20,588,,126801852
2018,116012687,20,899,,126801927
2018,116012717,51,,,126801956
2018,116049242,3,850,,126816118
2018,116043782,3,850,30-APR-19,126830033
2018,116043784,3,1600,,126830037
2018,116046916,3,1800,,126830035
2018,116046917,3,1600,30-APR-19,126816120
2018,116046923,10,,,126830044
2018,116043788,10,,,126830046
2018,116043793,13,400,,126816130
2018,116043792,13,400,30-APR-19,126826957
2018,116046928,21,2204,,126816128
2018,116046935,67,1,,126816143
2018,116049248,3,5000,20-JAN-19,126826965
2018,116046941,3,5000,,126816147
2018,116047013,20,400,,126816242
2018,116047049,10,,,126832067
2018,116012571,51,0,,126801768
2018,116012571,25,1,,126801773
2018,116012571,9,0,,126801766
2018,116013581,7,489,,126817876
2018,116016386,7,489,18-JAN-19,126812171
2018,116016767,9,,,126818699
2018,116029727,52,0,,126819116
2018,116016965,61,900,,126808190
2018,116016965,6,220,,126819129
2018,116016965,51,0,,126808192
2018,116016965,20,2,,126819135
2018,116029732,6,50,12-OCT-18,126808189
2018,116016965,9,0,,126808191
2018,116029759,10,,,126819172
2018,116029780,10,,,126808227
2018,116016998,19,517,,126819211
2018,116029801,63,2000,,126819228
2018,116029824,26,5173,,126819269
2018,116012488,3,30494,,126801668
2018,116029678,52,0,,126819044
2018,116016962,21,465,,126808185
2018,116016992,9,0,,126808228
2018,116029795,20,4000,,126808242
2018,116029806,3,35000,,126819243
2018,116017030,10,,,126808270
2018,116029854,8,105,,126819316
2018,116029854,63,2,,126819321
2018,116029854,6,5,,126819318
2018,116029867,10,,,126819331
2018,116016765,7,526,,126818698
2018,116024390,20,2160,,126819142
2018,116029800,63,2000,,126819232
2018,116029800,64,3000,,126819230
2018,116029869,10,,,126808282
2018,116029882,10,,,126819344
2018,116043781,9,0,,126830032
2018,116043781,22,0,,126816117
2018,116047096,16,1300,,126830258
2018,116044003,16,580,,126830312
2018,116046922,13,300,,126830043
2018,116043786,13,300,30-APR-19,126830042
2018,116043791,61,820,,126830051
2018,116043791,7,91,,126826955
2018,116043791,38,100,,126830050
2018,116047081,23,300,,126816316
2018,116046797,20,852,,126829900
2018,116039201,9,0,,126826881
2018,116039201,25,40,,126816042
2018,116039201,61,500,,126816040
2018,116043785,10,,,126830036
2018,116046921,20,7400,,126816122
2018,116046929,8,1,,126816129
2018,116043795,36,100,,126830058
2018,116043795,6,380,,126816141
2018,116043795,38,250,,126830059
2018,116029365,63,122,,126807959
2018,116029731,17,1500,,126819122
2018,116029730,8,250,12-OCT-18,126819121
2018,116029730,17,1500,12-OCT-18,126819120
2018,116029731,61,1500,,126819123
2018,116029731,8,250,,126819125
2018,116016980,11,20,21-OCT-18,126812262
2018,116029760,2,51,,126819176
2018,116016980,16,181,21-OCT-18,126808207
2018,116029760,11,20,,126819178
2018,116029760,16,181,,126819174
2018,116016980,2,51,21-OCT-18,126808209
2018,116016980,8,47,21-OCT-18,126812261
2018,116029760,8,47,,126819177
2018,116016987,10,,,126819189
2018,116017000,19,31,15-NOV-18,126819218
2018,116029794,6,15,,126819223
2018,116029794,19,31,,126819222
2018,116017000,6,15,15-NOV-18,126808239
2018,116017011,51,0,,126819262
2018,116017011,25,5,,126808249
2018,116017011,9,0,,126819261
2018,116029833,64,3500,,126819280
2018,116029833,36,4000,,126819278
2018,116017036,38,1450,,126819329
2018,116029872,20,200,,126808285
2018,116016062,8,20,,126801897
2018,116024240,20,50,,126801898
2018,116016751,20,129,,126807946
2018,116029676,63,5,,126819042
2018,116029676,20,150,,126819040
2018,116016953,38,20,,126812254
2018,116029737,6,8,,126819137
2018,116029733,16,18,08-OCT-18,126819124
2018,116029737,16,18,,126819131
2018,116029733,17,9,08-OCT-18,126808188
2018,116029737,17,9,,126819134
2018,116029733,6,8,08-OCT-18,126819126
2018,116016977,63,133,,126819167
2018,116029750,63,133,20-OCT-18,126819166
2018,116016983,20,360,,126808210
2018,116016983,19,49,,126808211
2018,116016983,16,6,,126808212
2018,116016983,8,39,,126819181
2018,116016983,63,24,,126819182
2018,116016983,15,5,,126808213
2018,116016984,63,100,,126819185
2018,116016988,10,,,126819193
2018,116029783,10,,,126808234
2018,116029799,10,,,126808243
2018,116017007,20,1000,,126819252
2018,116017013,17,4000,,126819266
2018,116029828,20,2021,,126819272
2018,116029842,7,910,,126819298
2018,116017039,16,305,22-DEC-18,126808280
2018,116029868,16,305,,126808281
2018,116029927,52,0,,126819420
2018,116029735,20,412,,126819130
2018,116029735,63,200,,126819132
2018,116029766,38,100,,126819187
2018,116029766,3,13000,,126819186
2018,116017010,17,1300,,126808251
2018,116029845,10,,,126808266
2018,113077410,6,295,,122906033
2018,113077429,16,350,,122906056
2018,116046808,63,16744,,126829903
2018,116043672,21,600,,126826869
2018,113077367,10,,,122890076
2018,113070554,20,29,,122890082
2018,113077377,10,,,122890084
2018,113070572,6,150,,122906014
2018,113079692,7,1050,,122907542
2018,113079692,20,200,,122906019
2018,113079692,17,1100,,122907541
2018,113077419,20,179998,,122906047
2018,113079713,13,100,,122890135
2018,113077424,10,,,122907568
2018,113077431,9,,,122906061
2018,113077440,3,5000,,122890149
2018,113077449,51,,,122890157
2018,113070667,63,50,,122907628
2018,113070565,13,300,,122890095
2018,113079691,8,5,,122890106
2018,113079703,38,250,,122906036
2018,113079703,16,150,,122906037
2018,113077420,6,2500,,122890133
2018,113077420,25,30,,122907561
2018,113077420,16,135,,122907559
2018,113077420,17,80,,122907560
2018,113077420,20,35,,122907562
2018,113077420,26,2065,,122890129
2018,113077420,7,200,,122890131
2018,113070637,8,10,,122906084
2018,113070637,10,80,,122906083
2018,113070647,10,,,122890176
2018,113070657,63,400,,122890187
2018,113077368,10,,,122907520
2018,113070575,20,500,,122890110
2018,113070600,10,,,122907565
2018,113070611,13,5,,122906065
2018,113079744,63,400,,122906081
2018,113070642,20,11,,122890169
2018,113077478,13,750,,122907615
2018,113070661,4,200,,122907623
2018,113070556,16,2300,,122905990
2018,113077407,59,50,,122906028
2018,113070597,10,,,122906050
2018,113070610,10,,,122890143
2018,113077435,9,,,122906066
2018,113079738,20,90,,122906079
2018,113079749,3,500,,122906085
2018,113077472,9,,,122890175
2018,113079768,10,,,122906101
2018,119035074,6,360,,131265704
2018,119035074,8,1500,,131259870
2018,119035074,20,10,,131265705
2018,119035074,63,1,,131265706
2018,119035074,26,250,,131259871
2018,116629863,20,46000,,127547704
2018,117380995,9,0,,128451586
2018,117380995,25,35,,128457722
2018,117385200,13,840,,128454557
2018,113079693,3,34000,,122906022
2018,113077415,20,750,,122907555
2018,113079708,9,,,122890126
2018,113079719,10,,,122906059
2018,113070645,10,,,122890172
2018,113077476,63,350,,122907613
2018,113079783,66,40,,122907632
2018,113077494,63,1,,122906116
2018,113077374,20,355,,122907527
2018,113079687,10,,,122907536
2018,117380156,3,100,,128446783
2018,117375890,36,1000,,128450810
2018,117385113,3,25000,13-MAR-19,128454458
2018,117380410,3,25000,,128450691
2018,116629870,20,5600,,127547708
2018,116645076,9,0,,127548056
2018,116645076,51,0,,127538039
2018,116645076,26,2400,,127548053
2018,116645076,25,1200,,127548054
2018,116645076,20,1000,,127538038
2018,116640228,26,1,,127543210
2018,116645082,26,316,,127538046
2018,116645082,9,0,,127543123
2018,116645082,38,200,,127543122
2018,116645096,20,4700,,127538054
2018,116645096,7,1,,127548095
2018,116645096,6,676,,127543144
2018,116645096,17,50,,127538055
2018,116644866,10,,,127542866
2018,116644868,20,20000,,127542869
2018,116629869,63,720,,127547707
2018,116629869,20,400,,127537872
2018,116629869,54,5000,,127537876
2018,116629869,26,1290,,127537875
2018,116629869,7,1500,,127542856
2018,116629869,61,500,,127537877
2018,116629869,25,30,,127537874
2018,116629869,21,520,,127537873
2018,116629869,6,20,,127547706
2018,116644864,13,400,31-MAY-19,127542863
2018,116629875,13,400,,127542864
2018,116640041,6,362,,127547716
2018,116640041,63,6,,127542865
2018,116640041,7,800,,127547717
2018,116644865,10,,,127547715
2018,116629650,9,,,127547442
2018,113079673,10,,,122905989
2018,113079685,10,,,122890102
2018,113070581,38,200,,122907548
2018,113070598,36,6400,,122906051
2018,113070598,61,396,,122906052
2018,113070603,6,8105,,122907570
2018,113070616,10,,,122890150
2018,113077461,23,1000,,122906090
2018,113077470,3,10000,,122906094
2018,120234804,6,30150,,132504506
2018,120234804,26,300,,132485721
2018,120240019,58,1,03-JUL-18,132504510
2018,120240020,58,1,,132504511
2018,113077385,10,,,122890092
2018,113077385,11,1,,122890093
2018,113079686,9,,,122890103
2018,113070583,10,,,122906034
2018,113070591,20,4300,,122890123
2018,113070599,9,,,122890134
2018,113079726,10,,,122906068
2018,113070644,10,,,122906093
2018,113077482,20,100,,122890185
2018,113077482,6,1,,122906104
2018,113079780,8,15,,122907630
2018,113070609,17,1500,,122906064
2018,113070622,13,372,,122906074
2018,113079745,9,,,122890160
2018,113079750,10,1,,122907600
2018,113079679,10,,,122890097
2018,113079701,10,,,122890119
2018,113077486,63,,,122906107
2018,113070662,3,1,,122906110
2018,113070668,36,400,,122890192
2018,113079668,52,,,122907518
2018,113070566,10,,,122890099
2018,113077406,16,200,,122906027
2018,113070580,3,100,,122906032
2018,113079717,16,790,,122906060
2018,113077487,57,1,,122907620
2018,113079669,10,,,122905982
2018,113077372,25,25,,122907523
2018,113079676,63,,,122890090
2018,113079680,10,,,122890098
2018,113079680,11,20,,122906005
2018,113077397,36,249,12-DEC-18,122906016
2018,113079688,36,249,,122907538
2018,113070589,17,50,17-DEC-18,122890121
2018,113070588,17,50,,122906041
2018,113070590,10,,,122907556
2018,113077430,11,1,,122906057
2018,113077433,10,,,122890140
2018,113077443,12,1600,06-DEC-18,122907588
2018,113079730,12,1600,,122907587
2018,113070628,20,709,,122890155
2018,113070632,6,15,,122890158
2018,113077474,10,,,122906097
2018,113070654,10,,,122890182
2018,113079779,6,400,,122907627
2018,113079781,38,1,,122907629
2018,113077491,63,6,,122890191
2018,113070561,52,,,122906000
2018,113077399,3,38000,,122890107
2018,113070584,7,974,,122907550
2018,113077417,63,,,122906043
2018,113077432,19,1500,,122890139
2018,113070626,13,250,,122890154
2018,113070655,36,2800,,122890186
2018,113070666,63,24000,,122906113
2018,113070562,52,,,122906002
2018,113077411,23,2679,20-DEC-18,122906035
2018,113079700,23,2679,,122890118
2018,113077422,19,350,,122906049
2018,113077426,10,,,122890137
2018,113070608,63,240,,122907572
2018,113070635,63,197,,122890162
2018,113079759,20,65,,122907603
2018,113077475,54,30,,122906098
2018,113070555,3,1500,,122890083
2018,113077375,3,1500,19-NOV-18,122907528
2018,113077387,10,,,122906004
2018,113077396,63,1,,122890105
2018,113079698,52,,,122907546
2018,113070585,10,,,122907551
2018,113070593,20,2770,,122890128
2018,113079720,9,,,122907571
2018,113070613,7,375,,122890147
2018,113070613,60,55,,122890148
2018,113079731,20,40,,122907589
2018,113077455,17,300,,122890167
2018,113077455,26,350,,122890164
2018,113077477,10,,,122907614
2018,113077480,17,53,,122906103
2018,113070658,63,,,122907619
2018,113077490,63,1,,122907631
2018,113079785,38,2500,,122907636
2018,119019323,9,,,131259916
2018,116644873,3,300,,127542880
2018,120234793,52,0,,132485710
2018,113077395,3,1,,122890104
2018,113079699,17,229,15-DEC-18,122890115
2018,113079699,25,70,15-DEC-18,122907544
2018,113077409,17,229,,122906031
2018,113077409,25,70,,122906030
2018,113070594,51,,,122906046
2018,113070602,42,200,,122906054
2018,113070612,20,15848,,122907576
2018,116043860,47,0,,126827028
2018,117384917,41,203,,128446791
2018,116629868,38,1200,,127537870
2018,117380509,17,625,,128447170
2018,116043790,20,8000,,126826956
2018,116049247,31,1140,,126816144
2018,116046936,20,10,,126830068
2018,113070549,17,12500,,122907521
2018,113070560,20,2200,,122890088
2018,113079678,6,20,,122907533
2018,113079678,25,10,,122906003
2018,113077403,52,,,122906024
2018,113079711,7,4588,,122907563
2018,113079712,7,4588,20-DEC-18,122907564
2018,113070605,10,,,122906062
2018,113077436,23,800,,122890146
2018,113070631,58,1300,,122907598
2018,113077493,3,1,,122906115
2018,116629641,20,174,,127542567
2018,116024237,20,605,,126801820
2018,116016981,9,0,,126819173
2018,116029768,26,208,30-OCT-18,126819188
2018,116029773,19,105,,126819197
2018,116029773,26,208,,126819194
2018,116029768,19,105,30-OCT-18,126808215
2018,116029785,10,,,126808235
2018,116017015,20,4688,,126808256
2018,116017022,8,6,,126819288
2018,116017020,25,22,06-DEC-18,126819276
2018,116017020,16,29,06-DEC-18,126819275
2018,116017020,6,7,06-DEC-18,126808261
2018,116017020,8,6,06-DEC-18,126808262
2018,116017022,25,22,,126819281
2018,116017022,16,29,,126819279
2018,116017022,6,7,,126819285
2018,116029863,10,,,126819326
2018,116029876,10,,,126808288
2018,116046926,38,3,,126830047
2018,116046934,10,,,126816142
2018,117385953,36,1750,,128457766
2018,117385953,63,5300,,128457764
2018,117385953,27,800,,128455492
2018,117385953,16,4500,,128455490
2018,117385953,28,4000,,128457765
2018,113070595,52,,,122890130
2018,113077427,9,,,122906055
2018,113079723,10,,,122907574
2018,113077437,10,,,122906067
2018,113079732,20,371,,122907590
2018,113079761,10,,,122890171
2018,113079766,6,20,,122890177
2018,113070649,20,50,19-NOV-18,122907611
2018,113070649,63,20,19-NOV-18,122907612
2018,116644571,16,305,,127542573
2018,113079670,20,90,,122907519
2018,113070559,3,30000,04-DEC-18,122890087
2018,113070557,3,30000,,122890085
2018,113077382,61,350,06-DEC-18,122907530
2018,113070563,10,,,122907532
2018,113070587,52,,,122907554
2018,113077439,43,30,,122907582
2018,113077439,13,250,,122907580
2018,113077439,49,105,,122907581
2018,113079728,6,40,,122907586
2018,113079728,26,490,,122907584
2018,113079728,7,80,,122907585
2018,113077471,16,100,,122906095
2018,113079763,3,750,,122907607
2018,116629871,10,,,127542858
2018,116644871,22,0,,127542872
2018,116046924,42,1000,,126816123
2018,117376486,52,0,,128457728
2018,120233303,63,100,,132502449
2018,120239980,63,23560,,132504466
2018,120240016,36,100,03-JUL-18,132504508
2018,120240018,36,100,,132504509
2018,120239974,7,1200,,132504459
2018,113070551,10,,,122890078
2018,113079709,42,30000,,122890127
2018,113079715,13,100,,122907567
2018,113079715,10,,,122890136
2018,113079733,20,40,,122906075
2018,113079772,36,200,,122907618
2018,113077366,10,,,122890077
2018,113070552,10,,,122890079
2018,113077384,10,4,,122906001
2018,113077388,10,42,,122906006
2018,113070569,26,450,,122906009
2018,113070569,16,50,,122906010
2018,113070571,9,,,122890101
2018,113079690,10,,,122907539
2018,113079695,10,,,122907543
2018,113077400,61,100,11-DEC-18,122906021
2018,113077398,61,100,,122906020
2018,113079702,19,1,,122907553
2018,113079706,16,1500,,122906042
2018,113077416,3,3700,,122890122
2018,113070604,10,,,122906058
2018,113079722,10,,,122907573
2018,113079727,20,665,,122907583
2018,113070624,16,6,,122890152
2018,113079741,63,2480,,122907594
2018,113077450,63,450,15-NOV-18,122907597
2018,113079742,8,2,,122906080
2018,113077469,3,1500,,122890173
2018,113077479,10,,,122890180
2018,113070653,13,200,14-DEC-18,122906102
2018,113070659,63,1,,122907621
2018,113079778,66,1,,122907624
2018,113077383,3,7000,,122907531
2018,113077386,6,90,,122890094
2018,113070550,9,,,122907522
2018,113070582,29,77,,122907549
2018,113077421,29,1,,122906048
2018,113079714,10,,,122907566
2018,113079736,61,800,,122890156
2018,113079773,63,,,122906105
2018,113077488,25,100,,122906108
2018,113070664,6,1000,,122890190
2018,113079784,20,360,,122907635
2018,113079784,7,1200,,122890193
2018,113079784,17,350,,122907634
2018,113079681,26,200,,122890100
2018,113079718,10,,,122890138
2018,113070615,13,700,,122906070
2018,113070615,47,,,122906069
2018,113070615,63,130,,122906071
2018,113070615,17,800,,122906072
2018,113077441,26,1620,,122906073
2018,113079756,8,20,,122907602
2018,113079762,7,650,,122907604
2018,113079762,25,5000,,122907605
2018,113070648,10,,,122890178
2018,113070663,63,229,,122890189
2018,117385202,63,200,,128454559
2018,117385202,36,150,,128447165
2018,117385202,12,500,,128454558
2018,117385202,37,650,,128447166
2018,117380512,52,0,,128447172
2018,117375892,63,2600,,128447177
2018,117381034,6,1,,128457771
2018,117381033,6,1,10-DEC-18,128457770
2018,117380149,63,24000,,128446777
2018,117375884,52,0,,128447162
2018,117380507,38,200,,128447167
2018,117380511,52,0,,128447171
2018,113077370,63,,,122905984
2018,113077444,20,400,,122906077
2018,113077466,10,,,122890170
2018,113079770,10,,,122890184
2018,113079777,20,1700,,122907625
2018,113079777,27,500,,122907626
2018,113079777,6,2900,,122906109
2018,117381037,43,170,01-JAN-19,128457778
2018,117385961,43,449,,128455503
2018,117385961,63,170,,128455506
2018,113077438,26,500,,122907578
2018,113079696,9,,,122890111
2018,113077438,63,100,,122907579
2018,113070630,63,11,16-NOV-18,122907595
2018,113070630,6,61,16-NOV-18,122907596
2018,113079739,63,11,,122907592
2018,113079739,6,61,,122907593
2018,113079751,63,4,,122890166
2018,113079751,26,30,,122890165
2018,113077468,10,,,122907606
2018,113070651,10,,,122890179
2018,113077489,38,2500,,122906111
2018,113077492,3,58997,,122906114
2018,119019405,20,300,,131259993
2018,113070558,10,100,,122890086
2018,113079677,10,,,122890091
2018,113077408,9,,,122906029
2018,113077418,36,249,,122906044
2018,113070606,36,49999,,122906063
2018,113077467,10,,,122906092
2018,116012500,16,57,,126801684
2018,116014166,63,1500,,126818507
2018,116029684,42,1000,,126819052
2018,116016964,10,,,126819117
2018,116016974,61,800,,126808201
2018,116029771,10,,,126819192
2018,116016997,10,,,126808236
2018,116017004,10,,,126819237
2018,116017006,63,1,,126808244
2018,116029814,10,,,126819258
2018,116029820,15,121353,,126808254
2018,116029822,10,,,126819265
2018,116017023,49,15,,126819283
2018,116017023,13,500,,126819282
2018,116017023,10,,,126819286
2018,116017025,3,4000,,126808265
2018,116017029,36,1464,,126808269
2018,116029853,36,65952,,126808273
2018,116029873,10,,,126819337
2018,116016816,61,500,,126818781
2018,116029673,60,1750,,126819036
2018,116029770,10,,,126819191
2018,116016994,42,31,,126808232
2018,116029819,10,,,126819264
2018,116029835,9,0,,126819289
2018,116029835,20,100,,126808263
2018,116029835,51,0,,126819290
2018,116029835,25,50,,126819287
2018,116017031,10,,,126819313
2018,116017031,21,1003,,126819309
2018,116017031,51,0,,126819312
2018,116017031,9,0,,126819310
2018,116017032,21,2,,126808272
2018,116043789,20,140,,126816125
2018,116043789,22,0,,126816126
2018,116043789,61,25,,126830049
2018,116043789,25,30,,126830048
2018,116043789,9,0,,126830045
2018,116043789,63,1,,126826954
2018,116046932,37,5000,,126816140
2018,116046931,37,1,21-DEC-18,126816139
2018,116640195,3,6000,,127548088
2018,116645158,63,1,,127538089
2018,113079671,20,580,,122905983
2018,113079675,47,,,122905997
2018,113079675,61,800,,122905995
2018,113079675,63,200,,122905996
2018,113079675,20,100,,122905993
2018,113079675,9,,,122905992
2018,113079675,25,80,,122905994
2018,113077389,10,,,122906007
2018,113077404,7,48,,122906025
2018,113070579,16,33,12-DEC-18,122890117
2018,113070578,16,33,,122907547
2018,113070579,7,80,12-DEC-18,122890116
2018,113070578,7,80,,122907545
2018,113077414,36,428,18-DEC-18,122906040
2018,113077412,36,428,,122906038
2018,113079734,16,80,,122906076
2018,113077451,20,1459,,122906082
2018,113079782,63,67,,122907633
2018,116046915,3,2500,18-FEB-18,126816119
2018,116043783,22,0,,126830034
2018,116046933,7,50,,126830063
2018,116046933,19,115,,126830064
2018,116046933,27,200,,126830065
2018,116043796,19,50,22-MAR-19,126830061
2018,116043796,27,200,22-MAR-19,126830062
2018,116043796,7,50,22-MAR-19,126830060
2018,113077373,6,13,,122905988
2018,113077373,45,15,,122905986
2018,113077373,19,72,,122890081
2018,113077378,51,,,122907529
2018,113077381,20,4445,,122890089
2018,113079684,3,1700,,122907535
2018,113077405,13,100,13-DEC-18,122906026
2018,113070596,17,10870,,122890132
2018,113070607,35,4,,122890141
2018,113079747,3,800,,122907599
2018,113077457,63,137,,122906089
2018,113077457,20,635,,122906088
2018,113079765,3,12000,,122907610
2018,113077473,3,12000,20-DEC-18,122906096
2018,113079769,10,,,122907616
2018,113077485,63,,,122906106
2018,113070553,13,350,,122905987
2018,113070553,20,1000,,122905985
2018,113070553,16,230,,122890080
2018,113077379,10,,,122905998
2018,113077394,20,180,,122906013
2018,113077401,36,2025,,122906023
2018,113070576,16,77,,122890112
2018,113079697,3,5000,,122890113
2018,113070577,3,5000,16-DEC-18,122890114
2018,113079704,10,,,122907552
2018,113070592,10,,,122906045
2018,113079721,30,1500,,122890142
2018,113079724,10,,,122890145
2018,113079725,10,,,122907575
2018,113070619,16,400,,122890151
2018,113070640,63,92,,122890168
2018,113077481,31,200,,122890183
2018,113079771,25,1,,122907617
2018,113077376,63,,,122905991
2018,113077380,61,70,05-DEC-18,122905999
2018,113077390,36,2695,,122890096
2018,113077392,19,5,,122906011
2018,113070574,3,40000,,122890108
2018,113079710,9,,,122907558
2018,113070601,10,,,122906053
2018,113077428,10,,,122907569
2018,113079735,3,10000,,122907591
2018,113070627,3,10000,04-NOV-18,122906078
2018,113077453,3,500,,122906086
2018,113079764,7,300,,122907609
2018,113079764,6,100,,122907608
2018,113070650,20,87,,122906100
2018,113079774,3,1,,122907622
2018,113070665,38,1,,122906112
