"DATA_YEAR","VICTIM_ID","INCIDENT_ID","VICTIM_SEQ_NUM","VICTIM_TYPE_ID","ASSIGNMENT_TYPE_ID","ACTIVITY_TYPE_ID","OUTSIDE_AGENCY_ID","AGE_ID","AGE_NUM","SEX_CODE","RACE_ID","ETHNICITY_ID","RESIDENT_STATUS_CODE","AGE_RANGE_LOW_NUM","AGE_RANGE_HIGH_NUM"
2018,123894241,112399471,1,8,,,,,,"",,,"",,
2018,123894244,112401821,1,1,,,,,,"",,,"",,
2018,123894255,112399480,1,1,,,,,,"",,,"",,
2018,123894239,112393864,1,4,,,,5,55,"M",1,2,"R",55,0
2018,123903147,112401827,1,4,,,,5,29,"M",1,2,"R",29,0
2018,123903139,112399466,1,4,,,,5,35,"F",1,1,"R",35,0
2018,123894246,112401823,1,1,,,,,,"",,,"",,
2018,123885036,112387008,1,3,,,,,,"",,,"",,
2018,123885678,112387323,1,1,,,,,,"",,,"",,
2018,123887976,112387349,1,8,,,,,,"",,,"",,
2018,123885755,112384332,1,4,,,,5,55,"F",4,2,"R",55,0
2018,123887992,112387359,1,4,,,,5,35,"F",1,2,"R",35,0
2018,123887995,112387364,1,4,,,,5,39,"M",1,2,"N",39,0
2018,123885796,112384368,2,8,,,,,,"",,,"",,
2018,123888007,112387377,1,8,,,,,,"",,,"",,
2018,123885823,112387383,1,8,,,,,,"",,,"",,
2018,123888029,112387399,1,8,,,,,,"",,,"",,
2018,123888034,112387407,1,1,,,,,,"",,,"",,
2018,123887789,112387170,1,1,,,,,,"",,,"",,
2018,123885663,112384245,1,4,,,,5,44,"M",1,2,"R",44,0
2018,123885769,112384346,1,8,,,,,,"",,,"",,
2018,123885787,112384361,1,1,,,,,,"",,,"",,
2018,123885830,112387390,1,8,,,,,,"",,,"",,
2018,123885842,112387401,1,4,,,,5,21,"M",1,2,"N",21,0
2018,123885855,112387411,2,4,,,,5,64,"F",1,2,"N",64,0
2018,123885854,112387411,1,8,,,,,,"",,,"",,
2018,123885856,112387411,3,4,,,,5,57,"M",2,2,"N",57,0
2018,123885876,112387419,1,4,,,,5,37,"F",2,2,"R",37,0
2018,123706001,112386235,1,1,,,,,,"",,,"",,
2018,123887977,112387350,1,4,,,,5,47,"M",4,2,"R",47,0
2018,123887986,112387353,1,1,,,,,,"",,,"",,
2018,123887993,112387360,1,1,,,,,,"",,,"",,
2018,123885793,112384364,1,8,,,,,,"",,,"",,
2018,123885809,112387374,1,8,,,,,,"",,,"",,
2018,123888011,112387381,1,4,,,,5,40,"M",2,2,"N",40,0
2018,123888020,112387389,2,1,,,,,,"",,,"",,
2018,123888019,112387389,1,4,,,,5,41,"F",1,2,"R",41,0
2018,123885835,112387394,1,1,,,,,,"",,,"",,
2018,123885846,112387403,1,4,,,,5,65,"M",1,2,"R",65,0
2018,123885860,112384418,1,4,,,,5,36,"M",1,2,"R",36,0
2018,123882952,112381734,1,1,,,,,,"",,,"",,
2018,123883043,112381795,1,4,,,,5,35,"M",2,2,"R",35,0
2018,123903140,112401816,1,4,,,,5,54,"M",1,2,"R",54,0
2018,123906646,112401820,1,4,,,,5,53,"F",1,2,"R",53,0
2018,123894432,112394046,1,4,,,,5,65,"M",2,,"",65,66
2018,123885669,112384252,1,4,,,,5,20,"F",1,2,"N",20,0
2018,123885722,112387345,1,4,,,,5,70,"M",1,2,"R",70,0
2018,123887975,112384304,1,4,,,,5,39,"M",2,2,"R",39,0
2018,123885783,112384356,1,4,,,,5,64,"F",1,2,"N",64,0
2018,123888005,112387373,1,4,,,,5,79,"M",1,2,"R",79,0
2018,123885815,112387378,1,4,,,,5,24,"M",4,2,"R",24,0
2018,123885857,112384413,2,8,,,,,,"",,,"",,
2018,123888038,112384413,1,1,,,,,,"",,,"",,
2018,123885868,112387416,1,8,,,,,,"",,,"",,
2018,123903137,112393863,1,4,,,,5,38,"M",1,2,"R",38,0
2018,123906642,112401814,1,4,,,,5,50,"M",2,2,"R",50,0
2018,123906648,112393868,1,4,,,,5,12,"M",1,2,"R",12,0
2018,123887984,112384327,1,4,,,,5,39,"M",1,1,"N",39,0
2018,123885798,112387367,1,8,,,,,,"",,,"",,
2018,123888003,112387371,1,4,,,,5,30,"F",2,2,"N",30,0
2018,123888009,112387379,1,4,,,,5,47,"M",4,2,"R",47,0
2018,123885829,112384394,1,8,,,,,,"",,,"",,
2018,123885845,112384407,1,4,,,,5,59,"M",1,2,"N",59,0
2018,123888037,112387410,1,1,,,,,,"",,,"",,
2018,123885872,112384429,1,8,,,,,,"",,,"",,
2018,123906641,112399465,1,4,,,,5,61,"M",2,2,"R",61,0
2018,123903144,112401824,2,4,,,,5,28,"M",1,2,"R",28,0
2018,123906647,112401824,1,4,,,,5,29,"F",1,2,"R",29,0
2018,123906763,112401994,1,4,,,,5,48,"F",2,,"",48,0
2018,123882960,112381743,1,1,,,,,,"",,,"",,
2018,123883039,112381790,1,4,,,,5,55,"F",1,2,"R",55,0
2018,123884204,112382829,1,4,,,,4,,"U",0,3,"U",,
2018,123885731,112384306,1,1,,,,,,"",,,"",,
2018,123885768,112384344,1,1,,,,,,"",,,"",,
2018,123885792,112384365,1,4,,,,5,43,"M",1,2,"R",43,0
2018,123888016,112387385,1,4,,,,5,42,"M",1,2,"R",42,0
2018,123885838,112387398,1,1,,,,,,"",,,"",,
2018,123888033,112387405,1,8,,,,,,"",,,"",,
2018,123887745,112387135,1,1,,,,,,"",,,"",,
2018,123885741,112384316,1,4,,,,5,25,"F",2,2,"R",25,0
2018,123885764,112387357,1,4,,,,5,41,"M",1,2,"N",41,0
2018,123888006,112387375,1,1,,,,,,"",,,"",,
2018,123888045,112387417,1,8,,,,,,"",,,"",,
2018,123885880,112387421,1,8,,,,,,"",,,"",,
2018,123885284,112387137,1,4,,,,5,68,"F",1,,"",68,69
2018,123885725,112384301,1,4,,,,5,26,"F",1,2,"R",26,0
2018,123887979,112387351,1,4,,,,5,25,"M",2,2,"R",25,0
2018,123885760,112384338,1,8,,,,,,"",,,"",,
2018,123887994,112384349,1,8,,,,,,"",,,"",,
2018,123885785,112384358,2,8,,,,,,"",,,"",,
2018,123888000,112387369,1,1,,,,,,"",,,"",,
2018,123885801,112384373,2,4,,,,5,48,"F",1,2,"R",48,0
2018,123888001,112384373,1,4,,,,5,14,"F",1,2,"R",14,0
2018,123885810,112384380,1,1,,,,,,"",,,"",,
2018,123885828,112384393,1,1,,,,,,"",,,"",,
2018,123885832,112387391,1,4,,,,5,42,"M",1,2,"N",42,0
2018,123888041,112384419,1,4,,,,5,35,"M",4,2,"R",35,0
2018,123888048,112387420,1,5,6,11,,5,45,"M",1,2,"R",40,50
2018,123885269,112387128,1,4,,,,5,62,"M",0,,"",62,63
2018,123887743,112383870,1,1,,,,,,"",,,"",,
2018,123885734,112384309,2,4,,,,5,23,"M",4,2,"N",23,0
2018,123885730,112384309,1,4,,,,5,26,"M",4,2,"N",26,0
2018,123885761,112387355,1,1,,,,,,"",,,"",,
2018,123885771,112384348,1,8,,,,,,"",,,"",,
2018,123888004,112387372,1,1,,,,,,"",,,"",,
2018,123885814,112384383,2,4,,,,5,18,"F",2,2,"R",18,0
2018,123891207,112384383,1,4,,,,5,40,"F",2,2,"R",40,0
2018,123885817,112384383,3,4,,,,5,21,"F",2,2,"R",21,0
2018,123888017,112387387,1,4,,,,5,49,"F",1,1,"N",49,0
2018,123885840,112391276,1,4,,,,5,48,"M",1,2,"N",48,0
2018,123885866,112384422,1,4,,,,5,22,"M",2,2,"N",22,0
2018,123885871,112384428,1,4,,,,5,52,"F",2,2,"R",52,0
2018,123894234,112401812,1,4,,,,5,42,"F",1,2,"R",42,0
2018,123903143,112401817,1,8,,,,,,"",,,"",,
2018,123894250,112393871,1,4,,,,5,62,"F",1,2,"R",62,0
2018,123903227,112401897,1,4,,,,5,65,"M",1,2,"R",65,0
2018,123894387,112393999,1,8,,,,,,"",,,"",,
2018,123903404,112402048,1,4,,,,5,82,"M",1,,"",82,0
2018,123894236,112401815,1,8,,,,,,"",,,"",,
2018,124598190,113031083,1,1,,,,,,"",,,"",,
2018,123887721,112383837,1,4,,,,5,58,"M",1,2,"R",58,59
2018,123887945,112384250,1,4,,,,5,70,"F",1,2,"N",70,0
2018,123885705,112384285,1,4,,,,5,40,"F",1,2,"N",40,0
2018,123885713,112384295,1,4,,,,5,29,"M",2,2,"N",29,0
2018,123885732,112384307,1,1,,,,,,"",,,"",,
2018,123885765,112384342,1,1,,,,,,"",,,"",,
2018,123885772,112384347,1,8,,,,,,"",,,"",,
2018,123885869,112384425,1,1,,,,,,"",,,"",,
2018,123885924,112384479,1,4,,,,5,45,"F",1,2,"R",45,0
2018,123906589,112399418,2,4,,,,5,76,"M",1,2,"R",76,0
2018,123906558,112401697,1,1,,,,,,"",,,"",,
2018,124593322,113026340,1,4,,,,5,44,"F",1,2,"R",44,0
2018,124608239,113036415,1,8,,,,,,"",,,"",,
2018,124608243,113036419,1,4,,,,5,59,"M",4,2,"R",59,0
2018,124598680,113026805,1,9,,,,,,"",,,"",,
2018,124598694,113026817,1,4,,,,4,,"U",0,,"",,
2018,125503535,113828983,1,1,,,,,,"",,,"",,
2018,124598468,113031335,1,1,,,,,,"",,,"",,
2018,124593672,113036647,1,4,,,,5,33,"F",0,2,"N",33,34
2018,124593673,113036647,2,4,,,,5,41,"F",0,2,"N",41,42
2018,124593685,113026695,1,4,,,,5,31,"M",1,1,"N",31,32
2018,124598643,113031497,1,4,,,,5,23,"F",2,2,"R",23,24
2018,124593700,113026712,1,4,,,,5,45,"F",1,3,"U",45,46
2018,127184541,116117592,1,8,,,,,,"",,,"",,
2018,127184451,116104013,1,4,,,,5,50,"M",1,,"",50,0
2018,124608600,113036727,1,4,,,,5,33,"F",1,,"",33,0
2018,124608619,113036743,1,4,,,,4,,"U",0,,"",,
2018,124608533,113036669,1,4,,,,5,35,"M",2,2,"R",35,36
2018,124608227,113026334,1,4,,,,5,34,"F",1,2,"R",34,0
2018,124598466,113026334,2,4,,,,5,29,"M",1,2,"R",29,0
2018,124593342,113026365,1,4,,,,5,58,"F",1,2,"R",58,0
2018,124598471,113031341,1,8,,,,,,"",,,"",,
2018,124593325,113031341,2,4,,,,5,35,"M",2,2,"N",35,0
2018,124593315,113031336,1,8,,,,,,"",,,"",,
2018,124608248,113026356,1,4,,,,5,6,"F",1,2,"R",6,0
2018,124608246,113026354,1,4,,,,5,36,"M",1,2,"R",36,0
2018,124598204,113031094,1,4,,,,5,64,"F",2,,"",64,0
2018,124608232,113036408,2,4,,,,5,45,"M",1,2,"N",45,0
2018,124593312,113036408,1,4,,,,5,50,"F",1,2,"N",50,0
2018,124598475,113026351,1,4,,,,5,46,"F",1,2,"R",46,0
2018,124608249,113036421,1,8,,,,,,"",,,"",,
2018,124598649,113031498,1,1,,,,,,"",,,"",,
2018,124608602,113036729,1,4,,,,5,49,"F",1,,"",49,0
2018,124593313,113036409,1,4,,,,5,49,"M",1,2,"R",49,0
2018,124608237,113026342,1,4,,,,5,31,"M",1,2,"R",31,0
2018,124598463,113036404,1,4,,,,5,75,"M",1,2,"R",75,0
2018,124598196,113026089,1,4,,,,5,45,"M",1,,"",45,0
2018,123885719,112387342,1,4,,,,5,49,"M",1,2,"R",49,0
2018,123885742,112384318,1,4,,,,5,25,"M",2,2,"R",25,0
2018,123885774,112384350,1,4,,,,5,37,"F",1,2,"R",37,0
2018,123885805,112384376,1,1,,,,,,"",,,"",,
2018,123888014,112384390,1,3,,,,,,"",,,"",,
2018,123885844,112384408,1,1,,,,,,"",,,"",,
2018,123885858,112384414,1,8,,,,,,"",,,"",,
2018,123888076,112384488,1,4,,,,5,46,"M",1,2,"N",46,0
2018,123888002,112387370,2,4,,,,5,54,"F",2,2,"N",54,0
2018,123885800,112387370,1,1,,,,,,"",,,"",,
2018,123885827,112384392,1,4,,,,5,35,"F",1,2,"R",35,0
2018,123885843,112384405,1,4,,,,5,60,"M",1,2,"R",60,0
2018,123891208,112391277,1,8,,,,,,"",,,"",,
2018,123882945,112391098,1,4,,,,5,51,"F",1,2,"R",51,0
2018,123886809,112382034,1,4,,,,5,38,"F",1,1,"R",38,0
2018,123883042,112381794,1,4,,,,5,26,"F",2,2,"N",26,0
2018,123883107,112381834,1,1,,,,,,"",,,"",,
2018,123883264,112381958,1,4,,,,5,58,"M",1,2,"R",58,0
2018,123885667,112384249,1,4,,,,5,46,"F",1,2,"R",46,0
2018,123885701,112384279,1,1,,,,,,"",,,"",,
2018,123887981,112384322,1,1,,,,,,"",,,"",,
2018,123885763,112387356,1,1,,,,,,"",,,"",,
2018,123885784,112384357,1,4,,,,5,39,"M",4,2,"N",39,0
2018,123885799,112384370,1,8,,,,,,"",,,"",,
2018,123885847,112384406,1,1,,,,,,"",,,"",,
2018,123885859,112384417,1,1,,,,,,"",,,"",,
2018,123885870,112384426,1,4,,,,5,21,"F",4,2,"R",21,0
2018,123885935,112384491,1,8,,,,,,"",,,"",,
2018,123886763,112381857,1,4,,,,3,,"M",2,2,"N",,
2018,123883270,112381964,1,4,,,,5,58,"F",2,2,"N",58,0
2018,123887943,112387318,1,4,,,,5,4,"F",1,1,"R",4,0
2018,123885721,112384299,1,4,,,,5,34,"F",4,2,"R",34,0
2018,123885740,112384315,1,4,,,,5,32,"F",1,2,"N",32,0
2018,123887996,112387362,1,1,,,,,,"",,,"",,
2018,123885791,112384363,1,8,,,,,,"",,,"",,
2018,123885825,112384389,1,4,,,,5,38,"M",1,1,"N",38,0
2018,123888026,112384400,1,4,,,,5,29,"F",2,2,"N",29,0
2018,123885878,112384434,1,4,,,,5,81,"M",4,2,"R",81,0
2018,123886756,112386212,1,4,,,,5,46,"F",1,2,"R",46,0
2018,123885736,112384312,1,4,,,,5,71,"F",1,2,"R",71,0
2018,123885750,112384326,1,8,,,,,,"",,,"",,
2018,123887987,112384334,1,4,,,,5,24,"F",1,2,"N",24,0
2018,123885767,112384345,1,8,,,,,,"",,,"",,
2018,123885794,112384367,1,4,,,,5,40,"F",1,2,"N",40,0
2018,123888018,112387388,1,4,,,,5,22,"F",2,2,"R",22,0
2018,123885831,112384396,1,8,,,,,,"",,,"",,
2018,123885839,112384401,1,4,,,,5,51,"F",2,2,"N",51,0
2018,123888036,112387409,1,4,,,,5,47,"M",1,2,"R",47,0
2018,123885862,112384420,1,4,,,,5,70,"M",4,2,"R",70,0
2018,123885863,112384420,2,4,,,,5,72,"F",4,2,"R",72,0
2018,123886735,112381730,1,4,,,,5,45,"M",1,2,"R",45,0
2018,123886761,112386220,1,4,,,,5,41,"F",1,2,"R",41,0
2018,123885729,112384305,1,4,,,,5,22,"F",2,2,"R",22,0
2018,123885790,112384362,1,8,,,,,,"",,,"",,
2018,123885804,112384374,1,4,,,,5,21,"M",4,2,"R",21,0
2018,123888012,112387380,1,4,,,,5,30,"M",1,2,"R",30,0
2018,123885867,112384424,1,1,,,,,,"",,,"",,
2018,123885885,112384438,1,8,,,,,,"",,,"",,
2018,123884307,112382919,1,4,,,,5,14,"F",1,1,"R",14,0
2018,123887732,112383857,1,1,,,,,,"",,,"",,
2018,123885718,112384298,1,8,,,,,,"",,,"",,
2018,123885786,112384359,1,4,,,,5,32,"F",1,2,"N",32,0
2018,123885806,112384377,1,4,,,,5,55,"M",1,2,"N",55,0
2018,123885826,112387386,1,4,,,,5,53,"F",1,2,"N",53,0
2018,123888031,112387402,1,4,,,,5,44,"F",1,1,"R",44,0
2018,123885276,112383865,1,1,,,,,,"",,,"",,
2018,123885707,112384287,1,4,,,,5,45,"M",1,2,"N",45,0
2018,123885735,112384310,1,1,,,,,,"",,,"",,
2018,123885776,112384353,1,4,,,,5,41,"F",1,2,"R",41,0
2018,123887998,112387368,1,4,,,,5,15,"F",2,2,"R",15,0
2018,123885816,112384384,2,4,,,,5,63,"F",1,2,"N",63,0
2018,123888008,112384384,1,4,,,,5,61,"M",1,2,"N",61,0
2018,123885837,112384399,1,8,,,,,,"",,,"",,
2018,123885849,112384410,1,4,,,,5,13,"M",1,2,"R",13,0
2018,123885865,112384423,2,8,,,,,,"",,,"",,
2018,123885874,112384431,1,1,,,,,,"",,,"",,
2018,123885884,112384439,1,8,,,,,,"",,,"",,
2018,123885887,112384439,3,3,,,,,,"",,,"",,
2018,123887738,112387132,1,1,,,,,,"",,,"",,
2018,123885301,112383892,1,4,,,,5,75,"M",1,,"",75,0
2018,123887974,112387348,1,1,,,,,,"",,,"",,
2018,123887980,112384317,1,8,,,,,,"",,,"",,
2018,123887990,112384341,1,8,,,,,,"",,,"",,
2018,123887997,112387366,1,1,,,,,,"",,,"",,
2018,123885802,112384372,1,4,,,,5,45,"M",2,2,"R",45,0
2018,123888025,112387397,1,4,,,,5,43,"F",4,2,"N",43,0
2018,123888032,112384404,2,4,,,,5,65,"M",1,2,"R",65,0
2018,123888030,112384404,1,4,,,,5,59,"F",1,2,"R",59,0
2018,123883130,112381851,1,4,,,,5,33,"M",1,1,"N",33,0
2018,123883133,112381851,2,4,,,,5,32,"F",1,1,"N",32,0
2018,123884170,112382796,1,4,,,,5,5,"M",1,1,"R",5,0
2018,123884281,112386585,1,4,,,,5,10,"M",2,3,"R",10,0
2018,123887971,112387343,1,1,,,,,,"",,,"",,
2018,123887978,112384313,1,4,,,,5,65,"M",1,2,"N",65,0
2018,123885738,112384313,2,4,,,,5,34,"M",1,2,"N",34,0
2018,123885759,112387354,1,8,,,,,,"",,,"",,
2018,123885813,112384381,1,4,,,,5,40,"F",2,2,"R",40,0
2018,123885850,112387404,1,1,,,,,,"",,,"",,
2018,123888042,112387413,1,8,,,,,,"",,,"",,
2018,123888047,112387418,1,4,,,,5,22,"M",1,2,"R",22,0
2018,123883046,112381797,3,4,,,,5,42,"M",1,2,"N",42,0
2018,123883044,112381797,2,4,,,,1,,"M",1,2,"N",,
2018,123886748,112381797,1,4,,,,5,33,"M",1,2,"N",33,0
2018,123886753,112381806,1,4,,,,5,50,"F",1,2,"N",50,0
2018,123887969,112387339,1,4,,,,5,55,"M",1,2,"N",55,0
2018,123885748,112384324,2,1,,,,,,"",,,"",,
2018,123887982,112384324,1,8,,,,,,"",,,"",,
2018,120084797,109024045,1,4,,,,5,85,"F",1,,"R",85,0
2018,120084807,109039647,1,4,,,,5,41,"F",1,,"",41,0
2018,120084813,109039650,1,4,,,,5,51,"M",1,,"",51,0
2018,120097479,109039656,1,4,,,,5,44,"F",1,,"",44,0
2018,120084837,109039673,1,4,,,,5,28,"M",1,,"",28,0
2018,120101298,109039689,1,1,,,,,,"",,,"",,
2018,120097523,109034014,1,8,,,,,,"",,,"",,
2018,120097529,109039705,1,4,,,,5,42,"F",2,2,"U",42,43
2018,120084890,109024117,1,4,,,,5,13,"M",1,1,"R",13,0
2018,120084900,109034053,1,8,,,,,,"",,,"",,
2018,120101356,109039745,1,8,,,,,,"",,,"",,
2018,120097607,109039770,1,4,,,,5,53,"M",4,2,"N",53,54
2018,120097475,109033952,1,4,,,,5,14,"F",2,,"",14,0
2018,120097480,109033957,1,4,,,,5,25,"F",2,,"",25,0
2018,120097512,109034002,1,4,,,,5,75,"F",1,,"",75,0
2018,120097519,109039693,1,4,,,,5,67,"M",1,2,"R",67,68
2018,120101315,109034017,1,8,,,,,,"",,,"",,
2018,120097532,109034019,1,8,,,,,,"",,,"",,
2018,120084880,109024106,1,8,,,,,,"",,,"",,
2018,120101325,109034027,1,4,,,,5,38,"F",1,2,"R",38,0
2018,120084889,109039730,1,8,,,,,,"",,,"",,
2018,120101355,109034061,1,8,,,,,,"",,,"",,
2018,120084907,109039750,1,1,,,,,,"",,,"",,
2018,120097474,109024058,1,4,,,,5,11,"F",2,,"",11,0
2018,120101270,109024060,1,8,,,,,,"",,,"",,
2018,120097491,109039664,1,4,,,,5,73,"M",1,,"",73,0
2018,120084824,109039667,1,4,,,,5,20,"F",1,,"",20,0
2018,120084812,109039649,1,4,,,,5,42,"M",1,,"",42,0
2018,120084835,109033977,1,4,,,,5,67,"M",1,,"",67,0
2018,120101292,109039680,1,4,,,,5,68,"F",1,,"",68,0
2018,120084874,109024100,1,4,,,,5,33,"M",1,2,"R",33,0
2018,120084876,109024102,1,4,,,,5,35,"F",1,2,"R",35,0
2018,120097551,109034034,1,8,,,,,,"",,,"",,
2018,120101358,109034064,1,4,,,,5,38,"M",1,2,"R",38,0
2018,120101359,109034064,2,4,,,,5,57,"M",1,2,"R",57,0
2018,120101360,109034064,3,4,,,,5,63,"M",1,2,"R",63,0
2018,120101375,109034084,1,1,,,,,,"",,,"",,
2018,120084805,109024050,1,4,,,,5,49,"M",1,,"R",49,0
2018,120084811,109024055,1,8,,,,,,"",,,"",,
2018,120097495,109024065,1,4,,,,5,17,"M",2,,"",17,0
2018,120084836,109024070,1,4,,,,5,48,"M",1,,"",48,0
2018,120084841,109024075,1,4,,,,5,29,"F",1,,"",29,0
2018,120101289,109033992,1,8,,,,,,"",,,"",,
2018,120101306,109034009,1,8,,,,,,"",,,"",,
2018,120101311,109024094,1,4,,,,5,44,"M",1,2,"",44,45
2018,120084872,109024097,1,8,,,,,,"",,,"",,
2018,120097536,109034025,1,8,,,,,,"",,,"",,
2018,120084896,109024122,1,4,,,,5,40,"F",1,,"R",40,0
2018,120084897,109024124,1,8,,,,,,"",,,"",,
2018,120084901,109024127,1,4,,,,5,53,"F",1,,"R",53,0
2018,120097581,109034068,1,8,,,,,,"",,,"",,
2018,120084804,109024049,1,4,,,,5,57,"F",1,2,"N",57,0
2018,120084825,109039669,1,6,,,,,,"",,,"",,
2018,120101285,109039676,1,1,,,,,,"",,,"",,
2018,120084859,109039686,1,4,,,,4,,"F",1,,"",,
2018,120097518,109024089,1,4,,,,5,62,"M",4,3,"N",62,63
2018,120097531,109039707,1,2,,,,,,"",,,"",,
2018,120101323,109039711,1,8,,,,,,"",,,"",,
2018,120097478,109039655,1,8,,,,,,"",,,"",,
2018,120084823,109033967,1,4,,,,5,18,"F",1,,"",18,0
2018,120084846,109039678,1,8,,,,,,"",,,"",,
2018,120101295,109033997,1,4,,,,5,32,"F",1,,"",32,0
2018,120101302,109024085,1,4,,,,5,47,"F",1,,"",47,0
2018,120084863,109024088,1,8,,,,,,"",,,"",,
2018,120101317,109034018,1,8,,,,,,"",,,"",,
2018,120101328,109034030,1,4,,,,5,40,"F",2,,"R",40,0
2018,120084905,109024129,1,8,,,,,,"",,,"",,
2018,120101371,109039759,1,4,,,,4,,"M",2,,"",,
2018,120101381,109024146,1,1,,,,,,"",,,"",,
2018,125503005,113828516,1,1,,,,,,"",,,"",,
2018,125494445,113818490,1,4,,,,5,53,"M",1,2,"R",53,0
2018,128274762,117063869,1,4,,,,5,42,"F",1,,"U",42,0
2018,128272809,117075384,1,4,,,,5,14,"F",1,1,"R",14,0
2018,120084796,109024042,1,8,,,,,,"",,,"",,
2018,120101259,109033945,1,8,,,,,,"",,,"",,
2018,120097493,109039666,1,8,,,,,,"",,,"",,
2018,120097497,109039668,2,4,,,,5,38,"M",1,,"",38,0
2018,120097496,109039668,1,4,,,,5,34,"F",1,,"",34,0
2018,120084844,109024077,1,4,,,,5,50,"F",2,,"",50,0
2018,120084855,109033996,1,4,,,,5,51,"F",2,,"",51,0
2018,120084861,109024084,1,4,,,,5,44,"M",1,,"",44,0
2018,120084865,109034011,1,4,,,,5,51,"F",1,2,"R",51,52
2018,120084875,109039709,1,8,,,,,,"",,,"",,
2018,120097570,109024125,1,4,,,,5,37,"F",1,,"R",37,0
2018,120097577,109034063,1,4,,,,5,81,"M",2,2,"R",81,0
2018,120097461,109039637,1,4,,,,5,14,"F",1,,"",14,0
2018,120101266,109039653,1,4,,,,5,58,"F",1,,"R",58,0
2018,120097487,109039661,1,4,,,,5,18,"M",2,,"",18,0
2018,120097498,109033968,1,4,,,,5,45,"F",1,,"",45,0
2018,120097504,109033985,1,1,,,,,,"",,,"",,
2018,120084860,109024083,1,1,,,,,,"",,,"",,
2018,120097517,109034008,1,8,,,,,,"",,,"",,
2018,120101313,109039699,1,1,,,,,,"",,,"",,
2018,120084888,109024115,1,4,,,,5,42,"M",2,,"R",42,0
2018,120097559,109034040,1,4,,,,5,80,"M",2,,"R",80,0
2018,120101352,109034056,1,8,,,,,,"",,,"",,
2018,120097573,109034058,1,4,,,,5,30,"F",2,,"",30,0
2018,120097582,109039751,1,1,,,,,,"",,,"",,
2018,120097460,109024044,1,8,,,,,,"",,,"",,
2018,120084838,109024071,1,4,,,,5,41,"M",1,,"",41,0
2018,120101301,109039690,2,8,,,,,,"",,,"",,
2018,120101300,109039690,1,4,,,,5,54,"M",2,,"",54,0
2018,120097526,109039703,1,4,,,,5,66,"M",1,2,"R",66,67
2018,120097541,109039716,1,4,,,,5,18,"F",2,,"R",18,0
2018,120101336,109034037,1,4,,,,5,21,"F",2,,"R",21,0
2018,120097568,109024123,1,4,,,,5,49,"F",2,,"R",49,0
2018,120097583,109039752,1,4,,,,5,72,"M",1,2,"R",72,0
2018,120097598,109039761,1,4,,,,5,55,"F",1,,"",55,0
2018,120097462,109039638,1,4,,,,5,43,"M",1,2,"R",43,0
2018,120097545,109039721,1,4,,,,5,54,"F",2,,"",54,0
2018,120101345,109039737,1,4,,,,5,23,"F",2,,"R",23,0
2018,120084903,109039742,1,8,,,,,,"",,,"",,
2018,120097590,109039757,1,8,,,,,,"",,,"",,
2018,120101374,109034079,1,8,,,,,,"",,,"",,
2018,120101376,109024141,1,4,,,,5,35,"M",2,2,"N",35,36
2018,120084802,109039641,1,8,,,,,,"",,,"",,
2018,120097481,109039658,1,4,,,,5,42,"M",1,,"",42,0
2018,120084817,109024062,1,4,,,,5,57,"M",1,,"",57,0
2018,120084818,109024062,2,4,,,,5,26,"F",1,,"",26,0
2018,120084829,109033971,1,8,,,,,,"",,,"",,
2018,120097500,109033978,1,4,,,,5,21,"M",2,,"",21,0
2018,120101288,109033989,1,1,,,,,,"",,,"",,
2018,120101294,109034000,1,4,,,,5,39,"M",2,,"",39,0
2018,120101314,109039700,1,8,,,,,,"",,,"",,
2018,120097534,109039710,1,4,,,,5,75,"M",1,2,"R",75,0
2018,120097586,109039755,1,8,,,,,,"",,,"",,
2018,120097587,109039755,2,4,,,,4,,"U",0,3,"U",,
2018,120084917,109024138,1,1,,,,,,"",,,"",,
2018,120101377,109024142,1,4,,,,5,24,"F",2,3,"U",24,25
2018,120101258,109033944,1,4,,,,5,32,"F",1,2,"R",32,0
2018,120097490,109039663,1,4,,,,5,32,"F",1,,"",32,0
2018,120084827,109033970,1,8,,,,,,"",,,"",,
2018,120101277,109024069,1,1,,,,,,"",,,"",,
2018,120097507,109039682,1,4,,,,5,52,"F",1,,"",52,0
2018,120084857,109033998,1,4,,,,5,61,"M",1,,"",61,0
2018,120097522,109039696,1,8,,,,,,"",,,"",,
2018,120097544,109039719,1,4,,,,5,20,"F",1,,"R",20,0
2018,120097547,109039722,1,4,,,,5,37,"F",2,,"R",37,0
2018,120097558,109024120,1,8,,,,,,"",,,"",,
2018,120084895,109039736,1,4,,,,5,59,"F",2,,"N",59,0
2018,120084906,109039746,1,8,,,,,,"",,,"",,
2018,120084908,109034071,1,4,,,,5,70,"F",1,2,"R",70,0
2018,120084911,109034073,1,4,,,,5,33,"F",2,2,"N",33,0
2018,120084921,109039769,1,4,,,,5,48,"M",1,1,"N",48,49
2018,120097608,109039771,1,4,,,,5,54,"M",2,2,"N",54,55
2018,120097459,109033940,1,8,,,,,,"",,,"",,
2018,120101257,109039643,1,4,,,,5,41,"F",2,,"R",41,0
2018,120101272,109039660,2,4,,,,5,71,"F",1,,"",71,0
2018,120097486,109039660,1,4,,,,5,73,"M",1,,"",73,0
2018,120097501,109039672,1,8,,,,,,"",,,"",,
2018,120084849,109033988,1,8,,,,,,"",,,"",,
2018,120097525,109039702,1,4,,,,5,36,"M",1,2,"R",36,37
2018,120084873,109024099,1,4,,,,5,30,"M",1,2,"R",30,0
2018,120097543,109039718,1,3,,,,,,"",,,"",,
2018,120084893,109024121,1,4,,,,5,29,"F",2,,"R",29,0
2018,120097563,109039734,1,4,,,,5,25,"F",2,,"R",25,0
2018,120097574,109039743,1,8,,,,,,"",,,"",,
2018,120097599,109024139,1,4,,,,5,34,"M",0,2,"N",34,35
2018,120097466,109024052,1,4,,,,5,46,"M",1,,"N",46,0
2018,120084815,109039657,1,8,,,,,,"",,,"",,
2018,120101274,109033963,2,4,,,,5,47,"F",1,,"",47,0
2018,120097489,109033963,1,4,,,,5,25,"M",1,,"",25,0
2018,120084828,109024066,1,4,,,,5,19,"F",2,,"",19,0
2018,120101284,109033983,1,4,,,,5,45,"U",1,,"",45,0
2018,120084848,109033986,1,8,,,,,,"",,,"",,
2018,120084850,109024079,1,4,,,,5,25,"F",1,,"",25,0
2018,120097511,109034004,1,4,,,,5,40,"F",1,,"",40,0
2018,120097524,109034015,1,4,,,,5,32,"M",1,2,"R",32,33
2018,120097530,109039706,1,4,,,,5,44,"F",2,2,"U",44,0
2018,120084881,109024107,1,4,,,,5,32,"F",1,2,"N",32,0
2018,120097550,109034033,1,4,,,,5,21,"F",2,,"",21,0
2018,120097565,109039735,2,4,,,,5,47,"F",1,,"",47,0
2018,120097564,109039735,1,4,,,,5,37,"M",1,,"R",37,0
2018,120101348,109034050,1,4,,,,5,31,"F",2,,"R",31,0
2018,120097585,109024132,1,8,,,,,,"",,,"",,
2018,120101367,109034074,1,4,,,,5,36,"F",2,2,"N",36,0
2018,120084915,109034081,1,4,,,,5,63,"M",2,,"",63,0
2018,120097603,109039766,1,4,,,,5,30,"M",1,2,"R",30,31
2018,120097609,109039772,1,1,,,,,,"",,,"",,
2018,120101264,109033953,1,4,,,,5,41,"M",1,,"",41,0
2018,120101268,109033955,1,1,,,,,,"",,,"",,
2018,120084845,109024078,1,4,,,,5,43,"F",1,,"",43,0
2018,120101299,109034003,1,4,,,,5,38,"M",1,,"",38,0
2018,120101304,109034006,1,8,,,,,,"",,,"",,
2018,120101330,109024114,1,4,,,,5,53,"F",2,,"R",53,0
2018,120101340,109034043,1,8,,,,,,"",,,"",,
2018,120101351,109034055,1,8,,,,,,"",,,"",,
2018,120101373,109034078,1,1,,,,,,"",,,"",,
2018,120097597,109024140,1,4,,,,5,52,"F",1,1,"",52,53
2018,120101380,109024145,1,4,,,,5,16,"M",1,1,"R",16,17
2018,120101383,109034089,1,4,,,,5,34,"M",4,2,"R",34,35
2018,120101254,109033939,1,4,,,,5,35,"F",1,,"",35,0
2018,120097484,109024061,1,8,,,,,,"",,,"",,
2018,120084803,109024048,1,4,,,,5,57,"F",1,2,"R",57,0
2018,120101281,109039674,1,1,,,,,,"",,,"",,
2018,120084843,109024076,1,4,,,,5,34,"F",2,,"",34,0
2018,120101308,109039694,1,1,,,,,,"",,,"",,
2018,120097537,109034026,1,8,,,,,,"",,,"",,
2018,120101350,109034054,1,8,,,,,,"",,,"",,
2018,120097594,109034082,1,1,,,,,,"",,,"",,
2018,120097595,109034082,2,1,,,,,,"",,,"",,
2018,120097492,109039665,1,4,,,,5,40,"M",1,,"",40,0
2018,120084822,109033966,1,4,,,,5,50,"M",1,,"",50,0
2018,120101275,109039670,1,4,,,,5,69,"F",1,,"",69,0
2018,120101291,109033990,1,8,,,,,,"",,,"",,
2018,120084856,109024081,1,4,,,,5,40,"F",1,,"",40,0
2018,120101331,109034032,1,8,,,,,,"",,,"",,
2018,120101339,109039731,1,4,,,,5,37,"M",1,,"N",37,0
2018,120097562,109039733,1,4,,,,5,53,"F",2,,"",53,0
2018,120097572,109024128,1,8,,,,,,"",,,"",,
2018,120101365,109034070,1,4,,,,5,32,"F",1,2,"R",32,0
2018,123894140,112393768,1,4,,,,5,41,"M",2,,"",41,0
2018,123903041,112401728,1,4,,,,5,53,"M",1,2,"R",53,0
2018,123903142,112393867,1,4,,,,5,73,"M",1,2,"R",73,0
2018,123894249,112393870,1,8,,,,,,"",,,"",,
2018,120097477,109033954,1,8,,,,,,"",,,"",,
2018,120101283,109033982,1,4,,,,5,50,"M",1,,"",50,0
2018,120097508,109024082,1,4,,,,5,55,"M",1,,"",55,0
2018,120097515,109039691,1,4,,,,1,,"F",1,,"",,
2018,120084867,109034013,1,4,,,,5,43,"M",1,2,"",43,44
2018,120101321,109034022,1,8,,,,,,"",,,"",,
2018,120084882,109024108,1,4,,,,5,22,"F",0,,"",22,0
2018,120097542,109039717,1,4,,,,5,41,"F",1,,"R",41,0
2018,120084891,109034036,1,4,,,,5,27,"M",1,,"R",27,0
2018,120084904,109034060,1,8,,,,,,"",,,"",,
2018,120101280,109033980,1,4,,,,5,51,"F",1,,"",51,0
2018,120097503,109039675,1,1,,,,,,"",,,"",,
2018,120097505,109033991,1,4,,,,5,53,"M",1,,"",53,0
2018,120097520,109039698,1,4,,,,5,40,"F",1,1,"R",40,41
2018,120097533,109039708,1,4,,,,5,44,"F",1,2,"R",44,0
2018,120097535,109034023,1,8,,,,,,"",,,"",,
2018,120097540,109039714,1,4,,,,5,53,"M",1,,"",53,0
2018,120101335,109039729,1,1,,,,,,"",,,"",,
2018,120101344,109034046,1,1,,,,,,"",,,"",,
2018,120101347,109034049,1,4,,,,5,53,"F",1,,"R",53,0
2018,120101357,109034062,1,8,,,,,,"",,,"",,
2018,120101366,109034072,1,8,,,,,,"",,,"",,
2018,120097601,109039763,1,4,,,,5,55,"M",1,2,"N",55,56
2018,120097606,109034088,1,1,,,,,,"",,,"",,
2018,120084831,109033973,1,4,,,,5,25,"F",2,,"",25,0
2018,123903138,112401813,1,4,,,,5,36,"F",2,2,"R",36,0
2018,123894248,112393869,1,4,,,,5,28,"F",1,2,"R",28,0
2018,120084833,109024068,1,1,,,,,,"",,,"",,
2018,120101287,109039679,1,1,,,,,,"",,,"",,
2018,120084853,109033995,1,4,,,,5,68,"F",2,,"",68,0
2018,120084866,109039697,1,1,,,,,,"",,,"",,
2018,120084886,109039720,1,4,,,,5,40,"M",2,,"R",40,0
2018,120097571,109024126,1,4,,,,5,54,"F",2,,"",54,0
2018,120097589,109024133,2,4,,,,5,26,"M",1,2,"R",26,0
2018,120097588,109024133,1,4,,,,5,31,"F",1,2,"N",31,0
2018,120101372,109034077,1,1,,,,,,"",,,"",,
2018,120097602,109039765,1,4,,,,5,45,"M",1,1,"N",45,46
2018,120097471,109039651,1,4,,,,5,45,"M",1,,"",45,0
2018,120084819,109024063,1,4,,,,5,19,"F",1,,"",19,0
2018,120084801,109024047,1,4,,,,5,23,"F",1,,"",23,0
2018,120084852,109024080,2,1,,,,,,"",,,"",,
2018,120084851,109024080,1,8,,,,,,"",,,"",,
2018,120101307,109034010,1,8,,,,,,"",,,"",,
2018,120097539,109039713,1,4,,,,5,42,"M",1,,"R",42,0
2018,120097546,109024113,1,4,,,,5,48,"M",1,1,"R",48,0
2018,120097552,109024116,1,4,,,,5,18,"F",2,,"R",18,0
2018,120097556,109034035,1,1,,,,,,"",,,"",,
2018,120097579,109039749,1,8,,,,,,"",,,"",,
2018,120097592,109039760,1,3,,,,,,"",,,"",,
2018,120101378,109024143,1,4,,,,5,40,"F",2,2,"N",40,41
2018,120097605,109034087,1,4,,,,5,35,"F",2,2,"N",35,0
2018,120084798,109033942,1,4,,,,5,16,"M",1,,"",16,0
2018,120101261,109033949,1,4,,,,5,73,"F",1,,"",73,0
2018,120097482,109039659,1,8,,,,,,"",,,"",,
2018,120084839,109024072,1,4,,,,5,31,"F",2,,"",31,0
2018,120101286,109033984,1,1,,,,,,"",,,"",,
2018,120097506,109039681,1,1,,,,,,"",,,"",,
2018,120084871,109024096,1,8,,,,,,"",,,"",,
2018,120101326,109034029,1,4,,,,5,58,"F",2,,"R",58,0
2018,120084887,109024112,1,4,,,,5,27,"F",2,2,"R",27,0
2018,120097557,109034038,1,1,,,,,,"",,,"",,
2018,120097566,109039738,1,4,,,,5,36,"M",1,,"R",36,0
2018,120097604,109034086,1,4,,,,5,22,"F",2,3,"U",22,23
2018,123903136,112393862,1,4,,,,5,36,"F",1,2,"R",36,0
2018,123894242,112393866,1,4,,,,5,59,"M",1,2,"R",59,0
2018,127181050,116110362,1,4,,,,5,12,"M",2,,"",12,0
2018,124593340,113036426,1,4,,,,5,4,"F",1,2,"R",4,0
2018,123903236,112401902,1,4,,,,5,62,"M",1,2,"N",62,0
2018,123903012,112401700,1,1,,,,,,"",,,"",,
2018,123906644,112399473,1,4,,,,5,74,"F",1,2,"R",74,0
2018,123894247,112399474,1,4,,,,5,49,"F",1,2,"R",49,0
2018,127181011,116110319,1,4,,,,5,57,"F",2,2,"N",57,58
2018,128272473,117075099,1,4,,,,5,20,"F",1,1,"R",20,0
2018,128256015,117063852,1,4,,,,5,37,"M",1,2,"R",37,0
2018,128274764,117077199,1,1,,,,,,"",,,"",,
2018,128274704,116955885,1,4,,,,5,50,"M",2,2,"R",50,0
2018,128274705,116955885,2,4,,,,5,38,"F",2,2,"R",38,0
2018,128256031,117063870,1,4,,,,5,69,"F",1,,"U",69,0
2018,128274765,117077200,1,4,,,,5,78,"M",1,,"U",78,0
2018,128272808,117075385,1,4,,,,5,30,"F",1,2,"R",30,0
2018,128256016,117063853,1,1,,,,,,"",,,"",,
2018,128274771,117077206,1,4,,,,5,9,"F",1,3,"U",9,0
2018,123887988,112384337,2,8,,,,,,"",,,"",,
2018,123885777,112384355,1,1,,,,,,"",,,"",,
2018,123885797,112384369,1,4,,,,5,34,"F",2,2,"R",34,0
2018,123885803,112384375,1,4,,,,5,35,"M",2,2,"N",35,0
2018,123885824,112387384,1,8,,,,,,"",,,"",,
2018,123885833,112384397,1,4,,,,5,52,"F",1,2,"R",52,0
2018,123885841,112387400,1,1,,,,,,"",,,"",,
2018,123888039,112384415,1,1,,,,,,"",,,"",,
2018,123885877,112384433,1,4,,,,5,18,"F",2,2,"R",18,0
2018,123883250,112391112,1,4,,,,5,75,"F",1,2,"N",75,0
2018,123887742,112387134,1,1,,,,,,"",,,"",,
2018,123887944,112387319,1,1,,,,,,"",,,"",,
2018,123885726,112384303,1,4,,,,5,51,"F",4,2,"R",51,0
2018,123885728,112384303,2,4,,,,5,56,"M",4,2,"R",56,0
2018,123887985,112384329,2,4,,,,5,62,"M",4,2,"N",62,0
2018,123887983,112384329,1,1,,,,,,"",,,"",,
2018,123885775,112384352,2,4,,,,5,34,"M",1,2,"R",34,0
2018,123885821,112384387,1,4,,,,5,37,"M",1,2,"N",37,0
2018,123885853,112384412,1,8,,,,,,"",,,"",,
2018,123888043,112387415,1,4,,,,5,83,"F",1,2,"N",83,0
2018,123883128,112386221,1,1,,,,,,"",,,"",,
2018,123883206,112381907,1,1,,,,,,"",,,"",,
2018,123887876,112387243,1,4,,,,5,53,"M",1,,"",53,0
2018,123885739,112384314,1,1,,,,,,"",,,"",,
2018,123885753,112384330,1,4,,,,5,24,"F",2,2,"R",24,0
2018,123887999,112384371,1,4,,,,5,41,"M",1,2,"N",41,0
2018,123885812,112384382,1,1,,,,,,"",,,"",,
2018,123885724,112387347,1,4,,,,5,25,"F",1,2,"R",25,0
2018,123885757,112384335,1,8,,,,,,"",,,"",,
2018,123885779,112387361,1,4,,,,5,51,"M",1,2,"N",51,0
2018,123885780,112387361,2,4,,,,5,18,"M",1,2,"N",18,0
2018,123885834,112384398,1,8,,,,,,"",,,"",,
2018,123885848,112384409,1,4,,,,5,54,"M",1,2,"N",54,0
2018,123883069,112381803,1,4,,,,5,53,"M",2,2,"N",53,0
2018,123885711,112384292,1,8,,,,,,"",,,"",,
2018,123885727,112384302,1,4,,,,5,35,"F",1,2,"R",35,0
2018,123885746,112384321,1,4,,,,5,24,"F",1,2,"R",24,0
2018,123885762,112384340,1,8,,,,,,"",,,"",,
2018,123885770,112384351,1,4,,,,5,54,"M",4,2,"R",54,0
2018,123885773,112384351,2,4,,,,5,51,"F",4,2,"R",51,0
2018,123885811,112387376,1,4,,,,5,21,"F",4,2,"N",21,0
2018,123888015,112384391,1,4,,,,5,26,"M",1,2,"R",26,0
2018,123885851,112384411,1,8,,,,,,"",,,"",,
2018,123885861,112387412,1,8,,,,,,"",,,"",,
2018,123883221,112381920,1,4,,,,5,47,"F",1,2,"N",47,0
2018,123885369,112391253,1,4,,,,5,34,"M",2,,"",34,0
2018,123887946,112384248,1,1,,,,,,"",,,"",,
2018,123887966,112384293,1,1,,,,,,"",,,"",,
2018,123885747,112384323,1,4,,,,5,33,"F",1,2,"R",33,0
2018,123885788,112384360,1,4,,,,5,18,"M",2,2,"N",18,0
2018,123885789,112384360,2,8,,,,,,"",,,"",,
2018,123885818,112384385,1,4,,,,5,56,"F",1,2,"R",56,0
2018,123885836,112387396,1,4,,,,5,53,"M",1,2,"R",53,0
2018,123885852,112387406,1,1,,,,,,"",,,"",,
2018,123885873,112384430,1,1,,,,,,"",,,"",,
2018,123883205,112381906,1,4,,,,5,90,"M",1,2,"R",90,0
2018,123885279,112383871,1,1,,,,,,"",,,"",,
2018,123885751,112384328,1,8,,,,,,"",,,"",,
2018,123885758,112384336,1,8,,,,,,"",,,"",,
2018,123885782,112387365,1,8,,,,,,"",,,"",,
2018,123888013,112387382,1,8,,,,,,"",,,"",,
2018,123888044,112387414,1,1,,,,,,"",,,"",,
2018,123882948,112386197,1,1,,,,,,"",,,"",,
2018,123883354,112382055,1,4,,,,5,73,"F",1,2,"N",73,0
2018,123906643,112399468,1,4,,,,5,29,"M",1,2,"R",29,0
2018,123903141,112399472,1,4,,,,5,76,"M",1,2,"R",76,0
2018,123903145,112401825,1,4,,,,5,61,"F",1,2,"R",61,0
2018,123883052,112381799,4,4,,,,5,2,"F",2,,"",2,0
2018,123883050,112381799,3,4,,,,5,2,"M",2,,"",2,0
2018,123883056,112381799,5,4,,,,5,1,"F",2,,"",1,0
2018,123883045,112381799,2,4,,,,5,3,"M",2,2,"N",3,0
2018,123883038,112381799,1,4,,,,5,22,"F",2,,"",22,0
2018,123884262,112382876,1,4,,,,4,,"U",0,3,"U",,
2018,123887740,112383868,1,1,,,,,,"",,,"",,
2018,123891184,112387176,1,4,,,,5,23,"M",2,,"",23,0
2018,123887968,112384296,1,1,,,,,,"",,,"",,
2018,123885744,112384319,1,4,,,,5,77,"M",1,2,"R",77,0
2018,123887991,112387358,1,4,,,,5,39,"M",1,2,"R",39,0
2018,123885672,112384254,1,1,,,,,,"",,,"",,
2018,123885737,112384311,1,4,,,,5,50,"M",2,2,"N",50,0
2018,123885752,112387352,1,1,,,,,,"",,,"",,
2018,123885766,112384343,1,4,,,,5,16,"M",0,3,"N",16,0
2018,123885808,112384379,1,1,,,,,,"",,,"",,
2018,123885822,112384388,2,8,,,,,,"",,,"",,
2018,123885820,112384388,1,3,,,,,,"",,,"",,
2018,123888021,112384395,1,1,,,,,,"",,,"",,
2018,123888035,112387408,1,4,,,,5,21,"F",4,2,"R",21,0
2018,123882299,112381104,1,1,,,,,,"",,,"",,
2018,123883138,112381856,1,4,,,,5,55,"M",2,2,"N",55,0
2018,123886766,112381880,1,1,,,,,,"",,,"",,
2018,123884736,112383332,1,4,,,,5,28,"F",1,,"R",28,0
2018,123887741,112383867,1,1,,,,,,"",,,"",,
2018,123885395,112391256,1,4,,,,5,30,"M",1,,"",30,0
2018,123885664,112384246,1,1,,,,,,"",,,"",,
2018,123887973,112384300,1,4,,,,5,33,"M",1,2,"R",33,0
2018,123885733,112384308,1,1,,,,,,"",,,"",,
2018,123885749,112384325,1,8,,,,,,"",,,"",,
2018,123885781,112387363,1,1,,,,,,"",,,"",,
2018,123885807,112384378,1,1,,,,,,"",,,"",,
2018,123885819,112384386,2,8,,,,,,"",,,"",,
2018,123888010,112384386,1,1,,,,,,"",,,"",,
2018,123888024,112387395,1,1,,,,,,"",,,"",,
2018,123888027,112384402,1,2,,,,,,"",,,"",,
2018,123894237,112399469,1,1,,,,,,"",,,"",,
2018,123906658,112399488,1,4,,,,5,70,"M",1,2,"R",70,0
2018,123894348,112401904,1,4,,,,5,49,"M",1,2,"R",49,0
2018,123906630,112399458,1,1,,,,,,"",,,"",,
2018,123894235,112399467,1,8,,,,,,"",,,"",,
2018,123903148,112399476,1,1,,,,,,"",,,"",,
2018,123882959,112381742,1,4,,,,5,57,"F",2,2,"R",57,0
2018,123903146,112401826,1,4,,,,5,36,"F",1,2,"R",36,0
2018,123883073,112381804,1,4,,,,5,43,"M",2,2,"R",43,0
2018,123884665,112391209,1,1,,,,,,"",,,"",,
2018,123891206,112387346,3,8,,,,,,"",,,"",,
2018,123885720,112387346,1,1,,,,,,"",,,"",,
2018,123885723,112387346,5,4,,,,5,40,"M",1,2,"N",40,0
2018,123885754,112384331,1,1,,,,,,"",,,"",,
2018,123885756,112384333,1,4,,,,5,52,"M",2,2,"R",52,0
2018,123888022,112387392,1,4,,,,5,45,"M",2,2,"R",45,0
2018,123888040,112384416,1,8,,,,,,"",,,"",,
2018,123888046,112384427,1,8,,,,,,"",,,"",,
2018,123885879,112384435,1,1,,,,,,"",,,"",,
2018,123885900,112384452,1,4,,,,5,60,"M",1,2,"R",60,0
2018,120084809,109033950,1,4,,,,5,55,"F",1,,"",55,0
2018,120097488,109033962,1,1,,,,,,"",,,"",,
2018,120084834,109033975,1,4,,,,5,60,"M",1,,"",60,0
2018,120101282,109033981,1,4,,,,5,69,"F",1,,"",69,0
2018,120097514,109024086,1,8,,,,,,"",,,"",,
2018,120101312,109034016,1,4,,,,5,43,"M",1,2,"N",43,44
2018,120101316,109039701,1,8,,,,,,"",,,"",,
2018,120097528,109024098,1,4,,,,5,40,"M",1,2,"R",40,41
2018,120101318,109034020,1,4,,,,5,51,"F",1,,"",51,0
2018,120097538,109039712,1,4,,,,5,43,"F",2,,"R",43,0
2018,120101332,109039724,1,4,,,,5,52,"F",1,,"R",52,0
2018,120101342,109034044,1,4,,,,5,57,"F",2,,"R",57,0
2018,120101346,109034048,1,4,,,,5,79,"M",1,,"R",79,0
2018,120101363,109034066,1,4,,,,5,70,"F",1,2,"R",70,0
2018,120084909,109024131,1,8,,,,,,"",,,"",,
2018,120097600,109034083,1,4,,,,5,59,"M",0,2,"N",59,60
2018,120084799,109024046,1,8,,,,,,"",,,"",,
2018,120097465,109039644,1,4,,,,5,38,"M",2,,"",38,0
2018,120101269,109033956,1,4,,,,5,18,"M",1,,"",18,0
2018,120084840,109024073,1,4,,,,5,51,"F",1,,"",51,0
2018,120097509,109039685,1,8,,,,,,"",,,"",,
2018,120097527,109039704,1,8,,,,,,"",,,"",,
2018,120084879,109024105,1,1,,,,,,"",,,"",,
2018,120101334,109034041,1,4,,,,5,24,"F",2,,"N",24,0
2018,120101337,109034041,2,4,,,,5,23,"F",2,,"",23,0
2018,120084894,109034041,3,4,,,,5,50,"F",2,,"N",50,0
2018,120097560,109034041,4,4,,,,5,22,"F",2,,"N",22,0
2018,120097567,109034047,1,4,,,,5,23,"F",2,,"R",23,0
2018,120101368,109034075,1,1,,,,,,"",,,"",,
2018,120097591,109039758,1,4,,,,5,23,"M",1,2,"R",23,0
2018,120097464,109039642,1,4,,,,5,21,"F",2,,"",21,0
2018,120097470,109033948,1,1,,,,,,"",,,"",,
2018,120097472,109024056,1,4,,,,5,62,"F",2,,"",62,0
2018,120084821,109024064,1,4,,,,5,38,"M",2,,"",38,0
2018,120097502,109024074,1,1,,,,,,"",,,"",,
2018,120097513,109039688,1,4,,,,5,74,"M",1,,"",74,0
2018,120084869,109024092,1,4,,,,5,49,"M",1,2,"R",49,50
2018,120097548,109039723,1,4,,,,5,23,"F",2,,"R",23,0
2018,120084892,109024119,1,4,,,,5,28,"M",2,,"R",28,0
2018,120084899,109039739,1,4,,,,5,51,"M",2,,"R",51,0
2018,120097578,109039748,1,4,,,,5,34,"F",1,2,"R",34,0
2018,120101370,109034076,1,8,,,,,,"",,,"",,
2018,120097593,109024137,1,4,,,,5,34,"F",1,,"",34,0
2018,120084830,109033972,1,1,,,,,,"",,,"",,
2018,120084868,109024091,1,8,,,,,,"",,,"",,
2018,120097473,109024057,1,4,,,,5,45,"M",1,,"",45,0
2018,120084902,109034059,1,8,,,,,,"",,,"",,
2018,120101273,109033961,1,8,,,,,,"",,,"",,
2018,120101369,109039756,1,8,,,,,,"",,,"",,
2018,120084920,109039767,1,4,,,,5,41,"F",1,2,"N",41,42
2018,120097476,109039652,2,4,,,,5,35,"M",1,,"",35,0
2018,120097485,109033959,1,8,,,,,,"",,,"",,
2018,120084847,109033987,1,8,,,,,,"",,,"",,
2018,120084870,109024095,1,1,,,,,,"",,,"",,
2018,120084877,109024103,1,8,,,,,,"",,,"",,
2018,120084883,109024109,1,4,,,,5,32,"M",1,,"",32,0
2018,120101333,109039726,1,1,,,,,,"",,,"",,
2018,120101338,109034039,1,4,,,,5,62,"M",2,,"",62,0
2018,120101343,109034045,1,1,,,,,,"",,,"",,
2018,120084916,109024136,1,1,,,,,,"",,,"",,
2018,120084918,109024144,1,1,,,,,,"",,,"",,
2018,120084922,109024147,1,4,,,,5,33,"M",1,1,"R",33,34
2018,120101265,109039652,1,4,,,,5,26,"F",1,,"",26,0
2018,123903213,112401885,1,4,,,,5,45,"M",1,2,"R",45,0
2018,120084832,109024067,1,1,,,,,,"",,,"",,
2018,120084814,109024059,1,4,,,,5,41,"M",1,,"",41,0
2018,120101290,109033993,1,4,,,,5,20,"F",2,,"",20,0
2018,120084854,109039683,1,4,,,,5,47,"F",1,,"",47,0
2018,120101297,109034001,1,4,,,,5,26,"M",2,,"",26,0
2018,120097549,109039725,1,8,,,,,,"",,,"",,
2018,120101341,109034042,1,4,,,,5,35,"F",2,,"",35,0
2018,120084898,109034051,1,8,,,,,,"",,,"",,
2018,120097580,109024130,1,8,,,,,,"",,,"",,
2018,120084914,109024135,1,4,,,,5,38,"M",1,2,"",38,0
2018,120084816,109039662,1,4,,,,5,38,"M",1,,"",38,0
2018,120101296,109033999,1,1,,,,,,"",,,"",,
2018,120101305,109034007,1,8,,,,,,"",,,"",,
2018,120101324,109039715,1,4,,,,5,48,"F",1,,"R",48,0
2018,120084912,109024134,1,1,,,,,,"",,,"",,
2018,123894243,112401818,1,4,,,,5,52,"M",1,2,"R",52,0
2018,123894251,112399477,1,1,,,,,,"",,,"",,
2018,123894240,112393865,1,4,,,,5,46,"F",1,1,"R",46,0
2018,120097467,109039645,1,4,,,,5,55,"M",0,3,"",55,0
2018,120101263,109033951,1,4,,,,5,13,"M",1,,"",13,0
2018,120097483,109033958,1,4,,,,5,61,"M",1,,"",61,0
2018,120097494,109033965,1,1,,,,,,"",,,"",,
2018,120097499,109039671,1,1,,,,,,"",,,"",,
2018,120084858,109039684,1,4,,,,5,58,"F",1,,"",58,0
2018,120084862,109024087,1,8,,,,,,"",,,"",,
2018,120084864,109024090,1,8,,,,,,"",,,"",,
2018,120084878,109024104,1,4,,,,5,19,"F",2,,"",19,0
2018,120101329,109034031,1,4,,,,5,29,"F",2,,"R",29,0
2018,120097561,109039732,1,4,,,,5,37,"F",1,,"N",37,0
2018,120101349,109034052,1,8,,,,,,"",,,"",,
2018,120101354,109034057,1,8,,,,,,"",,,"",,
2018,120101361,109034065,1,4,,,,5,20,"M",1,2,"R",20,0
2018,120097584,109039753,1,1,,,,,,"",,,"",,
2018,120097596,109039762,1,4,,,,5,40,"F",2,2,"N",40,41
2018,120101382,109039768,1,4,,,,5,62,"M",1,3,"N",62,63
2018,120097463,109039639,1,8,,,,,,"",,,"",,
2018,120084806,109024051,1,4,,,,5,64,"M",1,,"R",64,0
2018,120097469,109039648,1,8,,,,,,"",,,"",,
2018,120084826,109033969,1,4,,,,5,30,"F",0,,"",30,0
2018,120101276,109033974,1,4,,,,5,49,"M",1,,"",49,0
2018,120084842,109039677,1,4,,,,5,59,"M",2,,"",59,0
2018,120097510,109039687,1,4,,,,5,31,"M",2,,"",31,0
2018,120101303,109034005,1,8,,,,,,"",,,"",,
2018,120097516,109039692,1,8,,,,,,"",,,"",,
2018,120101309,109034012,1,4,,,,5,35,"M",1,2,"",35,36
2018,120101320,109034021,1,4,,,,5,40,"M",2,2,"R",40,41
2018,120097553,109039727,1,4,,,,5,49,"F",2,,"R",49,0
2018,120097569,109039740,1,8,,,,,,"",,,"",,
2018,120084919,109039764,1,4,,,,5,16,"M",0,3,"N",16,17
2018,123887989,112384339,1,4,,,,5,56,"M",1,2,"N",56,0
2018,123885778,112384354,1,1,,,,,,"",,,"",,
2018,123885795,112384366,1,8,,,,,,"",,,"",,
2018,123888023,112387393,1,4,,,,5,42,"M",1,2,"N",42,0
2018,123888028,112384403,1,1,,,,,,"",,,"",,
2018,123885864,112384421,1,8,,,,,,"",,,"",,
2018,123885875,112384432,1,8,,,,,,"",,,"",,
2018,120097458,109024043,1,4,,,,5,59,"F",1,2,"",59,0
2018,120084800,109039640,1,4,,,,5,46,"F",1,2,"R",46,0
2018,120101256,109033943,1,8,,,,,,"",,,"",,
2018,120101260,109033946,1,9,,,,,,"",,,"",,
2018,120097468,109039646,1,4,,,,5,13,"F",2,,"R",13,0
2018,120084808,109024053,1,4,,,,5,23,"F",2,,"",23,0
2018,120101262,109033947,1,4,,,,5,15,"F",1,,"",15,0
2018,120084810,109024054,1,4,,,,5,78,"M",1,,"",78,0
2018,123706057,112391150,1,4,,,,5,38,"F",2,,"R",38,0
2018,123887942,112387317,1,4,,,,5,17,"F",1,2,"N",17,0
2018,123885743,112384320,1,4,,,,5,38,"F",1,2,"N",38,0
2018,123885745,112384320,2,4,,,,5,29,"M",2,2,"N",29,0
2018,123883104,112386216,1,4,,,,5,38,"F",1,2,"N",38,0
2018,127184352,116103916,1,4,,,,5,70,"F",1,,"",70,0
2018,120101271,109033960,1,1,,,,,,"",,,"",,
2018,120101279,109033979,1,4,,,,5,49,"F",1,,"",49,0
2018,120097521,109039695,1,8,,,,,,"",,,"",,
2018,120101319,109024101,1,4,,,,5,64,"F",1,2,"R",64,0
2018,120101322,109034024,1,4,,,,5,35,"F",2,2,"R",35,0
2018,120084884,109024110,1,8,,,,,,"",,,"",,
2018,120101327,109024111,1,4,,,,5,23,"F",2,,"R",23,0
2018,120101353,109039741,1,1,,,,,,"",,,"",,
2018,120097575,109039744,1,4,,,,5,29,"F",1,2,"R",29,0
2018,120101364,109034069,1,8,,,,,,"",,,"",,
2018,120101379,109034085,1,1,,,,,,"",,,"",,
2018,120101255,109033941,1,8,,,,,,"",,,"",,
2018,120101267,109039654,1,4,,,,5,53,"F",1,2,"R",53,0
2018,120084820,109033964,1,4,,,,5,48,"F",1,,"",48,0
2018,120101278,109033976,1,8,,,,,,"",,,"",,
2018,120101293,109033994,1,4,,,,5,27,"F",2,,"",27,0
2018,120101310,109024093,1,8,,,,,,"",,,"",,
2018,120084885,109034028,1,4,,,,5,58,"F",1,,"",58,0
2018,120097554,109039728,1,4,,,,5,55,"M",1,,"R",55,0
2018,120097555,109024118,1,1,,,,,,"",,,"",,
2018,120097576,109039747,1,4,,,,5,41,"F",1,2,"N",41,0
2018,120084913,109034080,1,4,,,,5,42,"M",0,,"",42,0
2018,125504082,113819183,1,4,,,,5,61,"F",1,,"U",61,0
2018,125499637,113819183,2,4,,,,5,61,"M",1,,"U",61,0
2018,125504014,113829426,1,4,,,,5,39,"F",2,2,"R",39,0
2018,125498469,113823193,1,1,,,,,,"",,,"",,
2018,125498903,113818484,1,4,,,,5,92,"F",1,2,"R",92,0
2018,125498909,113818487,1,4,,,,5,26,"F",1,1,"N",26,0
2018,125494440,113823567,2,4,,,,5,51,"F",1,2,"R",51,0
2018,125503104,113823567,1,4,,,,5,52,"M",1,2,"R",52,0
2018,125498910,113823574,1,4,,,,5,8,"F",1,2,"R",8,0
2018,125503109,113823571,1,4,,,,5,73,"M",1,2,"R",73,0
2018,125503110,113823571,2,4,,,,5,71,"F",1,2,"R",71,0
2018,125498905,113823570,1,4,,,,5,24,"F",1,2,"R",24,0
2018,125494446,113818491,1,1,,,,,,"",,,"",,
2018,125504075,113819176,1,1,,,,,,"",,,"",,
2018,125504009,113829421,1,8,,,,,,"",,,"",,
2018,125498906,113828608,1,4,,,,5,26,"F",1,2,"R",26,0
2018,125504072,113829475,1,4,,,,5,63,"M",1,,"N",63,0
2018,125495199,113819155,1,4,,,,5,58,"M",4,2,"N",58,0
2018,125499563,113824111,1,8,,,,,,"",,,"",,
2018,125498483,113828302,1,1,,,,,,"",,,"",,
2018,125498472,113823201,1,4,,,,5,46,"M",1,2,"R",46,0
2018,125495193,113824118,1,4,,,,5,24,"F",1,2,"R",24,0
2018,125494441,113818483,1,4,,,,5,81,"M",2,2,"R",81,0
