"DATA_YEAR","AGENCY_ID","INCIDENT_ID","NIBRS_MONTH_ID","CARGO_THEFT_FLAG","SUBMISSION_DATE","INCIDENT_DATE","REPORT_DATE_FLAG","INCIDENT_HOUR","CLEARED_EXCEPT_ID","CLEARED_EXCEPT_DATE","INCIDENT_STATUS","DATA_HOME","ORIG_FORMAT","DID"
2018,3647,109033973,8895219,"",01-APR-19,09-DEC-18,"R",0,6,,0,"C","F",42549050
2018,3647,109039675,8895219,"",01-APR-19,16-DEC-18,"",20,6,,0,"C","F",42545208
2018,3647,109033991,8895219,"",01-APR-19,17-DEC-18,"R",0,6,,0,"C","F",42545211
2018,3647,109033980,8895219,"N",01-APR-19,14-DEC-18,"R",0,6,,0,"C","F",42549055
2018,3647,109024054,8895219,"N",01-APR-19,05-DEC-18,"R",0,6,,0,"C","F",42549028
2018,3647,109033954,8895219,"",01-APR-19,06-DEC-18,"",20,6,,0,"C","F",42545186
2018,3647,109033982,8895219,"Y",01-APR-19,14-DEC-18,"R",0,6,,0,"C","F",42552317
2018,3647,109024082,8895219,"N",01-APR-19,19-DEC-18,"R",0,6,,0,"C","F",42545221
2018,3647,109039691,8895219,"",01-APR-19,23-DEC-18,"",3,6,,0,"C","F",42552331
2018,3647,109039657,8895219,"",01-APR-19,08-DEC-18,"",19,6,,0,"C","F",42552300
2018,3647,109033963,8895219,"",01-APR-19,10-DEC-18,"R",0,6,,0,"C","F",42552306
2018,3647,109024066,8895219,"",01-APR-19,12-DEC-18,"R",0,6,,0,"C","F",42545200
2018,3647,109033983,8895219,"N",01-APR-19,15-DEC-18,"R",0,6,,0,"C","F",42552320
2018,3647,109033986,8895219,"",01-APR-19,18-DEC-18,"",0,6,,0,"C","F",42545212
2018,3647,109024079,8895219,"",01-APR-19,18-DEC-18,"R",0,6,,0,"C","F",42552327
2018,3647,109034004,8895219,"",01-APR-19,18-DEC-18,"",0,6,,0,"C","F",42549071
2018,3647,109033942,8895219,"N",01-APR-19,02-DEC-18,"R",12,6,,0,"C","F",42545171
2018,3647,109033949,8895219,"N",01-APR-19,04-DEC-18,"R",0,6,,0,"C","F",42549027
2018,3647,109039659,8895219,"",01-APR-19,10-DEC-18,"",3,6,,0,"C","F",42552302
2018,3647,109024072,8895219,"N",01-APR-19,13-DEC-18,"R",0,6,,0,"C","F",42549054
2018,3647,109033984,8895219,"",01-APR-19,12-DEC-18,"",19,6,,0,"C","F",42549058
2018,3647,109039681,8895219,"",01-APR-19,18-DEC-18,"",10,6,,0,"C","F",42549066
2018,3647,109039637,8895219,"",01-APR-19,01-DEC-18,"R",0,6,,0,"C","F",42549015
2018,3647,109039653,8895219,"N",01-APR-19,07-DEC-18,"R",0,6,,0,"C","F",42545188
2018,3647,109039661,8895219,"",01-APR-19,10-DEC-18,"",14,6,,0,"C","F",42552304
2018,3647,109033968,8895219,"",01-APR-19,12-DEC-18,"",19,6,,0,"C","F",42549048
2018,3647,109033985,8895219,"N",01-APR-19,17-DEC-18,"R",0,6,,0,"C","F",42549062
2018,3647,109024083,8895219,"N",01-APR-19,21-DEC-18,"R",0,6,,0,"C","F",42549075
2018,3647,109024044,8895219,"",01-APR-19,05-DEC-18,"",1,6,,0,"C","F",42552279
2018,3647,109024071,8895219,"N",01-APR-19,14-DEC-18,"",17,6,,0,"C","F",42545205
2018,3647,109039690,8895219,"",01-APR-19,18-DEC-18,"",0,6,,0,"C","F",42545226
2018,3647,109039639,8895219,"",01-APR-19,01-DEC-18,"R",23,6,,0,"C","F",42552281
2018,3647,109039645,8895219,"",01-APR-19,03-DEC-18,"",12,6,,0,"C","F",42549023
2018,3647,109033951,8895219,"",01-APR-19,05-DEC-18,"R",0,6,,0,"C","F",42552294
2018,3647,109033958,8895219,"N",01-APR-19,10-DEC-18,"R",0,6,,0,"C","F",42549039
2018,3647,109033965,8895219,"",01-APR-19,10-DEC-18,"R",0,6,,0,"C","F",42552307
2018,3647,109039671,8895219,"N",01-APR-19,13-DEC-18,"R",0,6,,0,"C","F",42552313
2018,3647,109039684,8895219,"",01-APR-19,19-DEC-18,"R",0,6,,0,"C","F",42552328
2018,3647,109024087,8895219,"",01-APR-19,19-DEC-18,"R",0,6,,0,"C","F",42545225
2018,3647,109039641,8895219,"",01-APR-19,04-DEC-18,"",4,6,,0,"C","F",42549018
2018,3647,109039658,8895219,"N",01-APR-19,08-DEC-18,"R",0,6,,0,"C","F",42549034
2018,3647,109024062,8895219,"N",01-APR-19,10-DEC-18,"R",0,6,,0,"C","F",42549040
2018,3647,109033971,8895219,"",01-APR-19,12-DEC-18,"R",0,6,,0,"C","F",42545199
2018,3647,109033978,8895219,"N",01-APR-19,11-DEC-18,"R",0,6,,0,"C","F",42552309
2018,3647,109033989,8895219,"N",01-APR-19,18-DEC-18,"R",0,6,,0,"C","F",42545213
2018,3647,109034000,8895219,"N",01-APR-19,14-DEC-18,"",0,6,,0,"C","F",42545210
2018,3647,109024051,8895219,"N",01-APR-19,01-DEC-18,"R",0,6,,0,"C","F",42545174
2018,3647,109039648,8895219,"",01-APR-19,04-DEC-18,"",2,6,,0,"C","F",42549026
2018,3647,109033969,8895219,"N",01-APR-19,11-DEC-18,"R",0,6,,0,"C","F",42545197
2018,3647,109033974,8895219,"N",01-APR-19,13-DEC-18,"R",0,6,,0,"C","F",42549051
2018,3647,109039677,8895219,"",01-APR-19,16-DEC-18,"R",0,6,,0,"C","F",42552322
2018,3647,109039687,8895219,"N",01-APR-19,19-DEC-18,"R",0,6,,0,"C","F",42545223
2018,3647,109034005,8895219,"",01-APR-19,21-DEC-18,"",0,6,,0,"C","F",42549077
2018,3647,109039692,8895219,"",01-APR-19,23-DEC-18,"",3,6,,0,"C","F",42549079
2018,3647,109024045,8895219,"N",01-APR-19,01-DEC-18,"R",0,6,,0,"C","F",42545170
2018,3647,109039647,8895219,"",01-APR-19,04-DEC-18,"R",0,6,,0,"C","F",42545181
2018,3647,109039650,8895219,"N",01-APR-19,05-DEC-18,"R",0,6,,0,"C","F",42545183
2018,3647,109039656,8895219,"N",01-APR-19,09-DEC-18,"R",0,6,,0,"C","F",42549035
2018,3647,109039673,8895219,"N",01-APR-19,13-DEC-18,"R",0,6,,0,"C","F",42552314
2018,3647,109039689,8895219,"",01-APR-19,20-DEC-18,"",0,6,,0,"C","F",42545227
2018,3647,109024046,8895219,"",01-APR-19,01-DEC-18,"",4,6,,0,"C","F",42549016
2018,3647,109039644,8895219,"",01-APR-19,04-DEC-18,"R",0,6,,0,"C","F",42545178
2018,3647,109033956,8895219,"N",01-APR-19,07-DEC-18,"R",0,6,,0,"C","F",42549031
2018,3647,109024073,8895219,"",01-APR-19,15-DEC-18,"R",0,6,,0,"C","F",42552318
2018,3647,109039685,8895219,"",01-APR-19,17-DEC-18,"",22,6,,0,"C","F",42552325
2018,3647,109033950,8895219,"N",01-APR-19,04-DEC-18,"R",0,6,,0,"C","F",42545180
2018,3647,109033962,8895219,"N",01-APR-19,10-DEC-18,"R",0,6,,0,"C","F",42545192
2018,3647,109033975,8895219,"",01-APR-19,13-DEC-18,"R",0,6,,0,"C","F",42545203
2018,3647,109033981,8895219,"N",01-APR-19,14-DEC-18,"R",0,6,,0,"C","F",42549056
2018,3647,109024086,8895219,"",01-APR-19,20-DEC-18,"R",0,6,,0,"C","F",42552329
2018,3647,109024059,8895219,"N",01-APR-19,07-DEC-18,"R",0,6,,0,"C","F",42552299
2018,3647,109024067,8895219,"",01-APR-19,11-DEC-18,"R",0,6,,0,"C","F",42549045
2018,3647,109033993,8895219,"",01-APR-19,17-DEC-18,"R",0,6,,0,"C","F",42552324
2018,3647,109039683,8895219,"",01-APR-19,18-DEC-18,"R",0,6,,0,"C","F",42549067
2018,3647,109034001,8895219,"N",01-APR-19,19-DEC-18,"R",0,6,,0,"C","F",42549072
2018,3647,109039662,8895219,"N",01-APR-19,05-DEC-18,"R",0,6,,0,"C","F",42549038
2018,3647,109033999,8895219,"N",01-APR-19,18-DEC-18,"R",0,6,,0,"C","F",42549068
2018,3647,109034007,8895219,"",01-APR-19,20-DEC-18,"",22,6,,0,"C","F",42549076
2018,3647,109039640,8895219,"N",01-APR-19,01-DEC-18,"",12,6,,0,"C","F",42552280
2018,3647,109033947,8895219,"",01-APR-19,05-DEC-18,"",0,6,,0,"C","F",42552290
2018,3647,109033953,8895219,"N",01-APR-19,06-DEC-18,"R",0,6,,0,"C","F",42549029
2018,3647,109033955,8895219,"",01-APR-19,08-DEC-18,"R",0,6,,0,"C","F",42549033
2018,3647,109024078,8895219,"",01-APR-19,16-DEC-18,"R",0,6,,0,"C","F",42552323
2018,3647,109034003,8895219,"",01-APR-19,20-DEC-18,"R",0,6,,0,"C","F",42549073
2018,3647,109034006,8895219,"",01-APR-19,22-DEC-18,"",20,6,,0,"C","F",42545229
2018,3647,109024053,8895219,"",01-APR-19,04-DEC-18,"",0,6,,0,"C","F",42552288
2018,3647,109039665,8895219,"",01-APR-19,06-DEC-18,"R",0,6,,0,"C","F",42549041
2018,3647,109033966,8895219,"N",01-APR-19,11-DEC-18,"R",0,6,,0,"C","F",42545195
2018,3647,109039670,8895219,"N",01-APR-19,12-DEC-18,"",0,6,,0,"C","F",42549047
2018,3647,109033990,8895219,"",01-APR-19,17-DEC-18,"",23,6,,0,"C","F",42549065
2018,3647,109024081,8895219,"N",01-APR-19,18-DEC-18,"",17,6,,0,"C","F",42549069
2018,3647,109039642,8895219,"N",01-APR-19,04-DEC-18,"R",0,6,,0,"C","F",42549019
2018,3647,109033948,8895219,"",01-APR-19,08-DEC-18,"",17,6,,0,"C","F",42549021
2018,3647,109024056,8895219,"",01-APR-19,06-DEC-18,"R",0,6,,0,"C","F",42552295
2018,3647,109024064,8895219,"",01-APR-19,11-DEC-18,"R",0,6,,0,"C","F",42549043
2018,3647,109024074,8895219,"",01-APR-19,13-DEC-18,"",23,6,,0,"C","F",42552316
2018,3647,109039688,8895219,"N",01-APR-19,19-DEC-18,"R",0,6,,0,"C","F",42545224
2018,3647,109039652,8895219,"",01-APR-19,04-DEC-18,"R",0,6,,0,"C","F",42545182
2018,3647,109033959,8895219,"",01-APR-19,09-DEC-18,"",0,6,,0,"C","F",42549036
2018,3647,109033987,8895219,"",01-APR-19,15-DEC-18,"",11,6,,0,"C","F",42552321
2018,3647,109024042,8895219,"",01-APR-19,12-DEC-18,"",6,6,,0,"C","F",42552274
2018,3647,109024057,8895219,"",01-APR-19,05-DEC-18,"R",0,6,,0,"C","F",42552293
2018,3647,109033961,8895219,"",01-APR-19,05-DEC-18,"R",0,6,,0,"C","F",42545187
2018,3647,109033972,8895219,"",01-APR-19,12-DEC-18,"",6,6,,0,"C","F",42549049
2018,3647,109033939,8895219,"N",01-APR-19,01-DEC-18,"",13,6,,0,"C","F",42549014
2018,3647,109024048,8895219,"",01-APR-19,04-DEC-18,"",14,6,,0,"C","F",42552283
2018,3647,109024061,8895219,"",01-APR-19,09-DEC-18,"",23,6,,0,"C","F",42549037
2018,3647,109039674,8895219,"",01-APR-19,15-DEC-18,"R",0,6,,0,"C","F",42549057
2018,3647,109024076,8895219,"",01-APR-19,15-DEC-18,"",1,6,,0,"C","F",42552319
2018,3647,109024080,8895219,"",01-APR-19,17-DEC-18,"",20,6,,0,"C","F",42549064
2018,3647,109039651,8895219,"",01-APR-19,05-DEC-18,"R",0,6,,0,"C","F",42545185
2018,3647,109024063,8895219,"",01-APR-19,10-DEC-18,"R",0,6,,0,"C","F",42545193
2018,3647,109024068,8895219,"N",01-APR-19,13-DEC-18,"R",0,6,,0,"C","F",42545202
2018,3647,109039679,8895219,"N",01-APR-19,17-DEC-18,"R",0,6,,0,"C","F",42545209
2018,3647,109033995,8895219,"",01-APR-19,18-DEC-18,"R",0,6,,0,"C","F",42545217
2018,3647,109033960,8895219,"",01-APR-19,09-DEC-18,"R",0,6,,0,"C","F",42552301
2018,3647,109033979,8895219,"",01-APR-19,13-DEC-18,"R",0,6,,0,"C","F",42552315
2018,3647,109033945,8895219,"",01-APR-19,06-DEC-18,"",11,6,,0,"C","F",42545166
2018,3647,109039666,8895219,"",01-APR-19,11-DEC-18,"",0,6,,0,"C","F",42545194
2018,3647,109039668,8895219,"",01-APR-19,11-DEC-18,"R",0,6,,0,"C","F",42545198
2018,3647,109024077,8895219,"N",01-APR-19,15-DEC-18,"R",0,6,,0,"C","F",42549060
2018,3647,109033996,8895219,"",01-APR-19,18-DEC-18,"",22,6,,0,"C","F",42549070
2018,3647,109024084,8895219,"N",01-APR-19,22-DEC-18,"R",0,6,,0,"C","F",42549078
2018,3647,109033941,8895219,"",01-APR-19,04-DEC-18,"",0,6,,0,"C","F",42552275
2018,3647,109033964,8895219,"N",01-APR-19,11-DEC-18,"R",0,6,,0,"C","F",42552308
2018,3647,109033976,8895219,"",01-APR-19,13-DEC-18,"R",0,6,,0,"C","F",42549052
2018,3647,109033994,8895219,"",01-APR-19,18-DEC-18,"R",0,6,,0,"C","F",42545216
2018,3647,109039638,8895219,"N",01-APR-19,01-DEC-18,"",0,6,,0,"C","F",42549017
2018,3647,109033944,8895219,"N",01-APR-19,04-DEC-18,"R",0,6,,0,"C","F",42549022
2018,3647,109039663,8895219,"",01-APR-19,10-DEC-18,"R",0,6,,0,"C","F",42545191
2018,3647,109033970,8895219,"",01-APR-19,11-DEC-18,"R",0,6,,0,"C","F",42552310
2018,3647,109024069,8895219,"N",01-APR-19,13-DEC-18,"R",0,6,,0,"C","F",42545201
2018,3647,109039682,8895219,"N",01-APR-19,18-DEC-18,"R",0,6,,0,"C","F",42552326
2018,3647,109033998,8895219,"",01-APR-19,18-DEC-18,"R",0,6,,0,"C","F",42545220
2018,3647,109033940,8895219,"",01-APR-19,09-DEC-18,"",18,6,,0,"C","F",42552273
2018,3647,109033952,8895219,"",01-APR-19,10-DEC-18,"R",0,6,,0,"C","F",42552297
2018,3647,109033957,8895219,"",01-APR-19,09-DEC-18,"R",0,6,,0,"C","F",42545190
2018,3647,109034002,8895219,"N",01-APR-19,18-DEC-18,"R",0,6,,0,"C","F",42545219
2018,3647,109024043,8895219,"N",01-APR-19,01-DEC-18,"R",7,6,,0,"C","F",42552278
2018,3647,109033946,8895219,"N",01-APR-19,04-DEC-18,"",0,6,,0,"C","F",42549025
2018,3647,109039649,8895219,"N",01-APR-19,04-DEC-18,"R",0,6,,0,"C","F",42552289
2018,3647,109024058,8895219,"",01-APR-19,06-DEC-18,"R",0,6,,0,"C","F",42552296
2018,3647,109024060,8895219,"",01-APR-19,07-DEC-18,"R",0,6,,0,"C","F",42552298
2018,3647,109039664,8895219,"N",01-APR-19,10-DEC-18,"R",0,6,,0,"C","F",42552305
2018,3647,109039667,8895219,"",01-APR-19,11-DEC-18,"",17,6,,0,"C","F",42549042
2018,3647,109033977,8895219,"N",01-APR-19,12-DEC-18,"R",0,6,,0,"C","F",42552312
2018,3647,109039680,8895219,"N",01-APR-19,18-DEC-18,"R",0,6,,0,"C","F",42545215
2018,3647,109039643,8895219,"N",01-APR-19,04-DEC-18,"R",0,6,,0,"C","F",42545177
2018,3647,109039660,8895219,"N",01-APR-19,10-DEC-18,"R",0,6,,0,"C","F",42552303
2018,3647,109039672,8895219,"",01-APR-19,13-DEC-18,"",0,6,,0,"C","F",42545204
2018,3647,109033988,8895219,"",01-APR-19,17-DEC-18,"",17,6,,0,"C","F",42545214
2018,3647,109024050,8895219,"N",01-APR-19,04-DEC-18,"R",0,6,,0,"C","F",42552282
2018,3647,109024055,8895219,"",01-APR-19,05-DEC-18,"",1,6,,0,"C","F",42552292
2018,3647,109024065,8895219,"N",01-APR-19,11-DEC-18,"R",0,6,,0,"C","F",42545196
2018,3647,109024070,8895219,"N",01-APR-19,13-DEC-18,"R",0,6,,0,"C","F",42549053
2018,3647,109024075,8895219,"N",01-APR-19,16-DEC-18,"R",0,6,,0,"C","F",42545207
2018,3647,109033992,8895219,"",01-APR-19,17-DEC-18,"",20,6,,0,"C","F",42549063
2018,3647,109039655,8895219,"",01-APR-19,07-DEC-18,"",19,6,,0,"C","F",42545189
2018,3647,109033967,8895219,"N",01-APR-19,11-DEC-18,"R",0,6,,0,"C","F",42549044
2018,3647,109039678,8895219,"",01-APR-19,17-DEC-18,"",9,6,,0,"C","F",42549061
2018,3647,109033997,8895219,"",01-APR-19,18-DEC-18,"R",0,6,,0,"C","F",42545218
2018,3647,109024085,8895219,"N",01-APR-19,19-DEC-18,"R",0,6,,0,"C","F",42549074
2018,3647,109024049,8895219,"",01-APR-19,04-DEC-18,"",3,6,,0,"C","F",42545175
2018,3647,109039669,8895219,"",01-APR-19,12-DEC-18,"",10,6,,0,"C","F",42552311
2018,3647,109039676,8895219,"",01-APR-19,15-DEC-18,"R",0,6,,0,"C","F",42549059
2018,3647,109039686,8895219,"N",01-APR-19,19-DEC-18,"R",0,6,,0,"C","F",42545222
2018,3979,112401994,9094508,"N",24-JUN-19,03-DEC-18,"",10,6,,0,"C","F",48720974
2018,3979,112394046,9094506,"N",24-JUN-19,01-OCT-18,"",12,6,,0,"C","F",48720946
2018,3797,117075099,10502064,"",22-OCT-19,01-DEC-18,"",0,2,05-SEP-19,0,"C","F",58706135
2018,3681,112386216,9085931,"N",21-JUN-19,03-DEC-18,"",0,6,,0,"C","F",48721230
2018,3681,112391098,9093522,"",21-JUN-19,02-JAN-18,"",11,4,05-JAN-19,0,"C","F",48721043
2018,3681,112382034,9085931,"N",21-JUN-19,30-DEC-18,"",20,6,,0,"C","F",48721443
2018,3681,112381851,9085938,"N",21-JUN-19,26-NOV-18,"",20,6,,0,"C","F",48700368
2018,3681,112381742,9085931,"N",21-JUN-19,07-DEC-18,"",8,6,,0,"C","F",48721083
2018,3681,112381803,9085931,"",21-JUN-19,15-DEC-18,"",18,6,,0,"C","F",48721196
2018,3681,112386212,9093522,"Y",21-JUN-19,07-JAN-18,"",12,6,,0,"C","F",48700357
2018,3681,112386235,9093530,"N",21-JUN-19,18-OCT-18,"",0,6,,0,"C","F",48721281
2018,3681,112381790,9093522,"N",21-JUN-19,02-JAN-18,"",13,6,,0,"C","F",48721186
2018,3681,112381734,9093524,"N",21-JUN-19,01-SEP-18,"",8,6,,0,"C","F",48721081
2018,3681,112381795,9093522,"N",21-JUN-19,03-JAN-18,"",17,6,,0,"C","F",48721195
2018,3681,112381743,9085931,"N",21-JUN-19,15-DEC-18,"",0,6,,0,"C","F",48721079
2018,3681,112381794,9093522,"N",21-JUN-19,03-JAN-18,"",3,6,,0,"C","F",48721191
2018,3681,112381834,9085936,"N",21-JUN-19,09-AUG-18,"",12,6,,0,"C","F",48721236
2018,3681,112381797,9093522,"N",21-JUN-19,02-JAN-18,"",19,6,,0,"C","F",48721185
2018,3681,112381806,9093522,"N",21-JUN-19,04-JAN-18,"",14,6,,0,"C","F",48721200
2018,3681,112381804,9085931,"N",21-JUN-19,31-DEC-18,"",10,6,,0,"C","F",48721198
2018,3681,112381856,9093530,"N",21-JUN-19,18-OCT-18,"",20,6,,0,"C","F",48721250
2018,3681,112381880,9085931,"N",21-JUN-19,14-DEC-18,"",8,6,,0,"C","F",48721274
2018,3681,112381920,9085938,"N",21-JUN-19,02-NOV-18,"",12,6,,0,"C","F",48721329
2018,3681,112381730,9093522,"N",21-JUN-19,03-JAN-18,"",7,6,,0,"C","F",48716061
2018,3681,112386220,9093530,"N",21-JUN-19,15-OCT-18,"",12,6,,0,"C","F",48721242
2018,3681,112381906,9093524,"N",21-JUN-19,19-SEP-18,"",12,6,,0,"C","F",48721310
2018,3681,112386197,9093522,"",21-JUN-19,03-JAN-18,"",19,6,,0,"C","F",48700330
2018,3681,112382055,9093530,"N",21-JUN-19,01-OCT-18,"",12,6,,0,"C","F",48700405
2018,3681,112391112,9085936,"",21-JUN-19,19-AUG-18,"",12,6,,0,"C","F",48700388
2018,3681,112381958,9093522,"",21-JUN-19,01-JAN-18,"",0,6,,0,"C","F",48700390
2018,3681,112381857,9085931,"N",21-JUN-19,15-DEC-18,"",12,6,,0,"C","F",48721252
2018,3681,112381964,9085938,"N",21-JUN-19,15-NOV-18,"",6,6,,0,"C","F",48721370
2018,3681,112386221,9093524,"N",21-JUN-19,17-SEP-18,"",0,6,,0,"C","F",48700365
2018,3681,112381907,9085938,"N",21-JUN-19,11-NOV-18,"",12,6,,0,"C","F",48700385
2018,3681,112381799,9093524,"",21-JUN-19,01-SEP-18,"",11,6,,0,"C","F",48721192
2018,4160,113819183,9226263,"N",28-AUG-19,18-DEC-18,"",8,6,,0,"C","F",51109545
2018,4160,113819176,9226263,"",28-AUG-19,10-DEC-18,"",16,6,,0,"C","F",51129826
2018,4160,113829475,9226265,"N",28-AUG-19,05-OCT-18,"",12,6,,0,"C","F",51135303
2018,4160,117077199,10502099,"N",22-OCT-19,12-APR-18,"",17,6,,0,"C","F",58709724
2018,4160,117063869,10502100,"",22-OCT-19,07-SEP-18,"",14,6,,0,"C","F",58681255
2018,4160,117063870,9215952,"N",22-OCT-19,01-JUN-18,"",8,6,,0,"C","F",58709728
2018,4160,117077200,9226264,"N",22-OCT-19,14-MAY-18,"",0,6,,0,"C","F",58709732
2018,4160,117077206,10502099,"",22-OCT-19,01-APR-18,"",0,6,,0,"C","F",58709752
2018,3566,112387128,9085959,"",21-JUN-19,27-OCT-18,"",12,6,,0,"C","F",48726572
2018,3566,112383870,9093608,"",21-JUN-19,30-NOV-18,"",21,6,,0,"C","F",48724078
2018,3566,112383837,9093607,"N",21-JUN-19,15-DEC-18,"",10,6,,0,"C","F",48724045
2018,3566,112387137,9085960,"N",21-JUN-19,20-SEP-18,"",2,6,,0,"C","F",48726578
2018,3566,112387170,9093608,"N",21-JUN-19,17-NOV-18,"",10,6,,0,"C","F",48726618
2018,3566,112387135,9093607,"N",21-JUN-19,01-DEC-18,"",0,6,,0,"C","F",48724084
2018,3566,112383867,9093607,"N",21-JUN-19,23-DEC-18,"",0,6,,0,"C","F",48724079
2018,3566,112391256,9093608,"",21-JUN-19,15-NOV-18,"",0,6,,0,"C","F",48724181
2018,3566,112391253,9093608,"N",21-JUN-19,14-NOV-18,"",0,6,,0,"C","F",48726612
2018,3566,112387134,9093607,"N",21-JUN-19,02-DEC-18,"",17,6,,0,"C","F",48724081
2018,3566,112383871,9093607,"N",21-JUN-19,06-DEC-18,"",0,6,,0,"C","F",48724080
2018,3566,112383857,9093607,"",21-JUN-19,20-DEC-18,"",9,6,,0,"C","F",48724065
2018,3566,112387243,9085962,"",21-JUN-19,03-JUL-18,"",10,6,,0,"C","F",48726694
2018,3566,112383865,9093607,"",21-JUN-19,07-DEC-18,"",20,6,,0,"C","F",48724077
2018,3566,112387132,9093608,"N",21-JUN-19,25-NOV-18,"",15,6,,0,"C","F",48724076
2018,3566,112383892,9085961,"N",21-JUN-19,22-JUN-18,"",23,6,,0,"C","F",48724106
2018,3566,112383868,9093607,"N",21-JUN-19,07-DEC-18,"",20,6,,0,"C","F",48726576
2018,3566,112387176,9093609,"",21-JUN-19,17-AUG-18,"",0,6,,0,"C","F",48724169
2018,3566,116104013,9093607,"N",23-SEP-19,24-DEC-18,"",8,6,,0,"C","F",56458397
2018,3489,113828302,9140550,"N",28-AUG-19,31-DEC-18,"",13,6,,0,"C","F",51107315
2018,3489,113031083,9140550,"N",29-JUL-19,28-DEC-18,"",0,6,,0,"C","F",49806588
2018,3489,113031094,9140550,"",29-JUL-19,01-DEC-18,"",0,6,,0,"C","F",49796572
2018,3489,113026089,9140550,"N",29-JUL-19,23-DEC-18,"",13,6,,0,"C","F",49806594
2018,4094,117063852,10422854,"",22-OCT-19,01-DEC-18,"",0,6,,0,"C","F",58709537
2018,4094,117063853,10422853,"",22-OCT-19,08-AUG-18,"",12,6,,0,"C","F",58681209
2018,4094,116955885,10422853,"",22-OCT-19,24-AUG-18,"",12,6,,0,"C","F",58709553
2018,3819,109039763,8892950,"",01-APR-19,19-DEC-18,"",5,6,,0,"C","F",42549211
2018,3819,109034088,8892950,"N",01-APR-19,26-DEC-18,"",2,6,,0,"C","F",42549213
2018,3819,109039766,8892950,"N",01-APR-19,16-DEC-18,"",16,6,,0,"C","F",42549206
2018,3819,109039772,8892950,"",01-APR-19,29-DEC-18,"",12,6,,0,"C","F",42552452
2018,3819,109034086,8892950,"N",01-APR-19,26-DEC-18,"",14,6,,0,"C","F",42552451
2018,3819,109039768,8892950,"",01-APR-19,07-DEC-18,"",8,6,,0,"C","F",42549210
2018,3819,109039762,8892950,"N",01-APR-19,05-DEC-18,"",17,6,,0,"C","F",42549201
2018,3819,109024138,8892950,"N",01-APR-19,04-DEC-18,"",10,6,,0,"C","F",42552447
2018,3819,109024142,8892950,"N",01-APR-19,15-DEC-18,"",15,6,,0,"C","F",42549205
2018,3819,109039764,8892950,"N",01-APR-19,02-DEC-18,"",16,6,,0,"C","F",42549209
2018,3819,109034083,8892950,"N",01-APR-19,15-DEC-18,"",9,6,,0,"C","F",42552449
2018,3819,109039770,8892950,"N",01-APR-19,19-DEC-18,"",18,6,,0,"C","F",42545348
2018,3819,113828983,8892950,"N",28-AUG-19,18-DEC-18,"",10,6,,0,"C","F",51134083
2018,3819,113031498,8892950,"Y",29-JUL-19,24-DEC-18,"",21,6,,0,"C","F",49807519
2018,3819,109024140,8892950,"N",01-APR-19,07-DEC-18,"",14,6,,0,"C","F",42549202
2018,3819,109024145,8892950,"N",01-APR-19,06-DEC-18,"",20,6,,0,"C","F",42552450
2018,3819,109034089,8892950,"N",01-APR-19,25-DEC-18,"",0,6,,0,"C","F",42545351
2018,3819,109024144,8892950,"N",01-APR-19,20-DEC-18,"",11,6,,0,"C","F",42545346
2018,3819,109024147,8892950,"N",01-APR-19,29-DEC-18,"",16,6,,0,"C","F",42545353
2018,3819,109039767,8892950,"",01-APR-19,24-DEC-18,"",13,6,,0,"C","F",42545347
2018,3819,109024143,8892950,"N",01-APR-19,15-DEC-18,"",18,6,,0,"C","F",42549207
2018,3819,109034087,8892950,"N",01-APR-19,24-DEC-18,"",10,6,,0,"C","F",42545349
2018,3819,109039765,8892950,"N",01-APR-19,05-DEC-18,"",10,6,,0,"C","F",42545344
2018,3819,109034085,8892950,"",01-APR-19,18-DEC-18,"",12,6,,0,"C","F",42549208
2018,3819,109024141,8892950,"N",01-APR-19,10-DEC-18,"",0,6,,0,"C","F",42552448
2018,3819,109039769,8892950,"N",01-APR-19,26-DEC-18,"",20,6,,0,"C","F",42545352
2018,3819,109039771,8892950,"N",01-APR-19,27-DEC-18,"",4,6,,0,"C","F",42549215
2018,3819,109034084,8892950,"N",01-APR-19,11-DEC-18,"",8,6,,0,"C","F",42549203
2018,3819,109024139,8892950,"N",01-APR-19,03-DEC-18,"",6,6,,0,"C","F",42549200
2018,3819,109024146,8892950,"N",01-APR-19,26-DEC-18,"",11,6,,0,"C","F",42549212
2018,3819,113031497,8892950,"N",29-JUL-19,17-DEC-18,"",17,6,,0,"C","F",49807499
2018,3819,113026712,8892950,"",29-JUL-19,21-DEC-18,"",7,6,,0,"C","F",49807512
2018,3819,113036647,8892950,"N",29-JUL-19,02-DEC-18,"",20,6,,0,"C","F",49807477
2018,3819,113026695,8892950,"",29-JUL-19,08-DEC-18,"",10,3,13-DEC-18,0,"C","F",49807492
2018,3819,113036669,8892950,"N",29-JUL-19,26-DEC-18,"",7,6,,0,"C","F",49797503
2018,3819,116110319,8892950,"N",23-SEP-19,01-DEC-18,"",21,6,,0,"C","F",56464017
2018,3821,113824118,9094478,"N",28-AUG-19,01-DEC-18,"",17,6,,0,"C","F",51135210
2018,3821,113829426,9094479,"",28-AUG-19,01-OCT-18,"",0,6,,0,"C","F",51135191
2018,3821,113829421,9094478,"",28-AUG-19,19-DEC-18,"",0,6,,0,"C","F",51129685
2018,3821,113824111,9094478,"",28-AUG-19,10-DEC-18,"",0,2,21-MAY-19,0,"C","F",51109440
2018,3821,113819155,9094478,"N",28-AUG-19,24-DEC-18,"",8,6,,0,"C","F",51135228
2018,3821,112387317,9093611,"",21-JUN-19,29-SEP-18,"",13,6,,0,"C","F",48726882
2018,3821,112384320,9094479,"",21-JUN-19,16-OCT-18,"",20,6,,0,"C","F",48716316
2018,3821,112384339,9094479,"N",21-JUN-19,22-OCT-18,"",13,6,,0,"C","F",48724718
2018,3821,112384354,9094479,"",21-JUN-19,30-OCT-18,"",15,6,,0,"C","F",48726958
2018,3821,112384366,9085965,"",21-JUN-19,06-NOV-18,"",23,6,,0,"C","F",48724744
2018,3821,112387393,9094478,"N",21-JUN-19,03-DEC-18,"",16,6,,0,"C","F",48724787
2018,3821,112384403,9094478,"",21-JUN-19,06-DEC-18,"",14,6,,0,"C","F",48724791
2018,3821,112384421,9094478,"",21-JUN-19,19-DEC-18,"",19,6,,0,"C","F",48724813
2018,3821,112384432,9094478,"",21-JUN-19,28-DEC-18,"",21,6,,0,"C","F",48724825
2018,3821,112384254,9094479,"N",21-JUN-19,22-OCT-18,"",0,6,,0,"C","F",48724613
2018,3821,112384311,9094479,"",21-JUN-19,09-OCT-18,"",18,2,09-OCT-18,0,"C","F",48724699
2018,3821,112387352,9094479,"",21-JUN-19,15-OCT-18,"",19,6,,0,"C","F",48726942
2018,3821,112384343,9094479,"",21-JUN-19,26-OCT-18,"",21,6,,0,"C","F",48726954
2018,3821,112384379,9085965,"",21-JUN-19,10-NOV-18,"",16,6,,0,"C","F",48724752
2018,3821,112384388,9085965,"",21-JUN-19,19-NOV-18,"",0,6,,0,"C","F",48716318
2018,3821,112384395,9094478,"N",21-JUN-19,02-DEC-18,"",5,6,,0,"C","F",48724782
2018,3821,112387408,9094478,"",21-JUN-19,13-DEC-18,"",16,6,,0,"C","F",48724808
2018,3821,112384312,9094479,"",21-JUN-19,02-OCT-18,"",8,6,,0,"C","F",48724700
2018,3821,112384326,9094479,"",21-JUN-19,16-OCT-18,"",21,6,,0,"C","F",48726944
2018,3821,112384334,9094479,"N",21-JUN-19,20-OCT-18,"",0,6,,0,"C","F",48724717
2018,3821,112384345,9094479,"",21-JUN-19,26-OCT-18,"",2,6,,0,"C","F",48726953
2018,3821,112384367,9085965,"N",21-JUN-19,03-NOV-18,"",16,6,,0,"C","F",48724741
2018,3821,112387388,9085965,"",21-JUN-19,30-NOV-18,"",23,6,,0,"C","F",48724779
2018,3821,112384396,9094478,"",21-JUN-19,02-DEC-18,"",4,6,,0,"C","F",48724781
2018,3821,112384401,9094478,"N",21-JUN-19,07-DEC-18,"",6,6,,0,"C","F",48726978
2018,3821,112387409,9094478,"",21-JUN-19,15-DEC-18,"",11,6,,0,"C","F",48726988
2018,3821,112384420,9094478,"N",21-JUN-19,14-DEC-18,"",18,6,,0,"C","F",48724810
2018,3821,112387343,9094479,"",21-JUN-19,02-OCT-18,"",22,6,,0,"C","F",48724687
2018,3821,112384313,9094479,"N",21-JUN-19,10-OCT-18,"",21,6,,0,"C","F",48726939
2018,3821,112387354,9094479,"",21-JUN-19,21-OCT-18,"",21,6,,0,"C","F",48726948
2018,3821,112384381,9085965,"N",21-JUN-19,16-NOV-18,"",12,6,,0,"C","F",48724765
2018,3821,112387404,9094479,"N",21-JUN-19,12-OCT-18,"",8,6,,0,"C","F",48724804
2018,3821,112387413,9094478,"",21-JUN-19,19-DEC-18,"",22,6,,0,"C","F",48724814
2018,3821,112387418,9094478,"N",21-JUN-19,28-DEC-18,"",0,6,,0,"C","F",48724827
2018,3821,112387342,9094479,"N",21-JUN-19,03-OCT-18,"",19,6,,0,"C","F",48724688
2018,3821,112384318,9094479,"N",21-JUN-19,07-OCT-18,"",0,6,,0,"C","F",48724694
2018,3821,112384350,9094479,"N",21-JUN-19,23-OCT-18,"",16,6,,0,"C","F",48726959
2018,3821,112384376,9085965,"N",21-JUN-19,13-NOV-18,"",8,6,,0,"C","F",48726963
2018,3821,112384390,9085965,"",21-JUN-19,30-NOV-18,"",8,6,,0,"C","F",48726972
2018,3821,112384408,9094478,"",21-JUN-19,09-DEC-18,"",13,6,,0,"C","F",48724799
2018,3821,112384414,9094478,"",21-JUN-19,13-DEC-18,"",23,6,,0,"C","F",48724809
2018,3821,112384488,9085965,"N",21-JUN-19,23-NOV-18,"",0,6,,0,"C","F",48724881
2018,3821,112384309,9094479,"N",21-JUN-19,05-OCT-18,"",20,6,,0,"C","F",48726935
2018,3821,112387355,9094479,"",21-JUN-19,21-OCT-18,"",14,6,,0,"C","F",48724716
2018,3821,112384348,9094479,"",21-JUN-19,30-OCT-18,"",1,6,,0,"C","F",48726956
2018,3821,112387372,9085965,"",21-JUN-19,15-NOV-18,"",18,6,,0,"C","F",48724758
2018,3821,112384383,9085965,"",21-JUN-19,19-NOV-18,"",17,6,,0,"C","F",48724768
2018,3821,112387387,9085965,"",21-JUN-19,27-NOV-18,"",14,6,,0,"C","F",48724774
2018,3821,112391276,9094478,"N",21-JUN-19,06-DEC-18,"",15,6,,0,"C","F",48724794
2018,3821,112384422,9094478,"N",21-JUN-19,23-DEC-18,"",16,6,,0,"C","F",48724820
2018,3821,112384428,9094478,"N",21-JUN-19,27-DEC-18,"",14,6,,0,"C","F",48726996
2018,3821,112384250,9094478,"N",21-JUN-19,29-DEC-18,"",12,6,,0,"C","F",48724605
2018,3821,112384285,9094479,"",21-JUN-19,01-OCT-18,"",12,6,,0,"C","F",48716312
2018,3821,112384295,9094479,"",21-JUN-19,03-OCT-18,"",12,6,,0,"C","F",48724686
2018,3821,112384301,9094479,"N",21-JUN-19,07-OCT-18,"",17,6,,0,"C","F",48724693
2018,3821,112387351,9094479,"N",21-JUN-19,06-OCT-18,"",0,6,,0,"C","F",48724689
2018,3821,112384338,9094479,"",21-JUN-19,21-OCT-18,"",23,6,,0,"C","F",48726949
2018,3821,112384358,9085965,"",21-JUN-19,02-NOV-18,"",20,6,,0,"C","F",48724736
2018,3821,112387369,9085965,"",21-JUN-19,10-NOV-18,"",19,6,,0,"C","F",48724751
2018,3821,112384380,9085965,"N",21-JUN-19,15-NOV-18,"",17,6,,0,"C","F",48726966
2018,3821,112387391,9094478,"N",21-JUN-19,01-DEC-18,"",17,6,,0,"C","F",48724783
2018,3821,112384419,9094478,"N",21-JUN-19,17-DEC-18,"",13,6,,0,"C","F",48726990
2018,3821,112387420,9094478,"",21-JUN-19,24-DEC-18,"",12,6,,0,"C","F",48726999
2018,3821,112384252,9093611,"N",21-JUN-19,26-SEP-18,"",0,6,,0,"C","F",48724596
2018,3821,112387345,9094479,"N",21-JUN-19,04-OCT-18,"",11,6,,0,"C","F",48726933
2018,3821,112384304,9094479,"",21-JUN-19,09-OCT-18,"",6,6,,0,"C","F",48726938
2018,3821,112384356,9085965,"",21-JUN-19,03-NOV-18,"",0,6,,0,"C","F",48724740
2018,3821,112387373,9085965,"N",21-JUN-19,15-NOV-18,"",12,6,,0,"C","F",48726965
2018,3821,112387378,9085965,"N",21-JUN-19,03-NOV-18,"",6,6,,0,"C","F",48724766
2018,3821,112384413,9094478,"",21-JUN-19,11-DEC-18,"",23,6,,0,"C","F",48724806
2018,3821,112387416,9094478,"",21-JUN-19,23-DEC-18,"",3,6,,0,"C","F",48724819
2018,3821,112384306,9094479,"N",21-JUN-19,07-OCT-18,"",21,6,,0,"C","F",48726937
2018,3821,112384344,9094479,"N",21-JUN-19,24-OCT-18,"",0,6,,0,"C","F",48716317
2018,3821,112384365,9085965,"",21-JUN-19,09-NOV-18,"",16,6,,0,"C","F",48724745
2018,3821,112387385,9085965,"N",21-JUN-19,30-NOV-18,"",18,6,,0,"C","F",48724776
2018,3821,112387398,9094478,"",21-JUN-19,05-DEC-18,"",21,6,,0,"C","F",48726979
2018,3821,112387405,9094478,"",21-JUN-19,10-DEC-18,"",22,6,,0,"C","F",48724803
2018,3821,112384307,9094479,"",21-JUN-19,08-OCT-18,"",14,6,,0,"C","F",48724697
2018,3821,112384342,9094479,"N",21-JUN-19,02-OCT-18,"",22,6,,0,"C","F",48726950
2018,3821,112384347,9094479,"",21-JUN-19,31-OCT-18,"",13,6,,0,"C","F",48724729
2018,3821,112384425,9094478,"",21-JUN-19,22-DEC-18,"",13,6,,0,"C","F",48726993
2018,3821,112384479,9094478,"N",21-JUN-19,14-DEC-18,"",0,6,,0,"C","F",48724869
2018,3821,112387350,9094479,"",21-JUN-19,07-OCT-18,"",22,6,,0,"C","F",48724696
2018,3821,112387353,9094479,"",21-JUN-19,20-OCT-18,"",14,6,,0,"C","F",48724711
2018,3821,112387360,9094479,"N",21-JUN-19,24-OCT-18,"",9,6,,0,"C","F",48724722
2018,3821,112384364,9085965,"",21-JUN-19,07-NOV-18,"",21,6,,0,"C","F",48724746
2018,3821,112387374,9085965,"",21-JUN-19,13-NOV-18,"",23,6,,0,"C","F",48724759
2018,3821,112387381,9085965,"N",21-JUN-19,20-NOV-18,"",11,6,,0,"C","F",48724770
2018,3821,112387389,9085965,"N",21-JUN-19,30-NOV-18,"",18,6,,0,"C","F",48724778
2018,3821,112387394,9094478,"N",21-JUN-19,04-DEC-18,"",6,6,,0,"C","F",48724788
2018,3821,112387403,9094478,"N",21-JUN-19,07-DEC-18,"",15,6,,0,"C","F",48724802
2018,3821,112384418,9094478,"N",21-JUN-19,19-DEC-18,"",9,6,,0,"C","F",48726991
2018,3821,112384349,9094479,"",21-JUN-19,28-OCT-18,"",22,6,,0,"C","F",48726955
2018,3821,112384373,9085965,"",21-JUN-19,11-NOV-18,"",20,6,,0,"C","F",48724750
2018,3821,112384393,9085965,"N",21-JUN-19,28-NOV-18,"",12,6,,0,"C","F",48724777
2018,3821,112384327,9094479,"N",21-JUN-19,20-OCT-18,"",15,6,,0,"C","F",48726945
2018,3821,112387367,9085965,"",21-JUN-19,10-NOV-18,"",20,6,,0,"C","F",48724748
2018,3821,112387371,9085965,"",21-JUN-19,14-NOV-18,"",8,6,,0,"C","F",48724757
2018,3821,112387379,9085965,"N",21-JUN-19,16-NOV-18,"",0,6,,0,"C","F",48726969
2018,3821,112384394,9094478,"",21-JUN-19,01-DEC-18,"",18,6,,0,"C","F",48724780
2018,3821,112384407,9094478,"N",21-JUN-19,02-DEC-18,"",6,6,,0,"C","F",48726980
2018,3821,112387410,9094478,"N",21-JUN-19,14-DEC-18,"",17,6,,0,"C","F",48726989
2018,3821,112384429,9094478,"",21-JUN-19,26-DEC-18,"",0,6,,0,"C","F",48724824
2018,3821,112387323,9094478,"N",21-JUN-19,30-DEC-18,"",12,6,,0,"C","F",48724610
2018,3821,112387349,9094479,"",21-JUN-19,06-OCT-18,"",0,6,,0,"C","F",48726936
2018,3821,112384332,9094479,"",21-JUN-19,20-OCT-18,"",23,6,,0,"C","F",48724714
2018,3821,112387359,9094479,"",21-JUN-19,26-OCT-18,"",16,6,,0,"C","F",48724723
2018,3821,112387364,9085965,"",21-JUN-19,01-NOV-18,"",0,6,,0,"C","F",48724730
2018,3821,112384368,9085965,"",21-JUN-19,11-NOV-18,"",0,6,,0,"C","F",48726962
2018,3821,112387377,9085965,"",21-JUN-19,17-NOV-18,"",3,6,,0,"C","F",48724764
2018,3821,112387383,9085965,"",21-JUN-19,22-NOV-18,"",3,6,,0,"C","F",48724771
2018,3821,112387399,9094478,"",21-JUN-19,05-DEC-18,"",23,6,,0,"C","F",48724793
2018,3821,112387407,9094479,"N",21-JUN-19,27-OCT-18,"",0,6,,0,"C","F",48724807
2018,3821,112384245,9093611,"N",21-JUN-19,11-SEP-18,"",19,6,,0,"C","F",48724595
2018,3821,112384346,9094479,"",21-JUN-19,29-OCT-18,"",9,6,,0,"C","F",48724727
2018,3821,112384361,9085965,"N",21-JUN-19,03-NOV-18,"",16,6,,0,"C","F",48724738
2018,3821,112387390,9085965,"",21-JUN-19,28-NOV-18,"",0,6,,0,"C","F",48726971
2018,3821,112387401,9094478,"N",21-JUN-19,06-DEC-18,"",13,6,,0,"C","F",48726977
2018,3821,112387411,9094478,"N",21-JUN-19,12-DEC-18,"",2,6,,0,"C","F",48724805
2018,3821,112387419,9094478,"",21-JUN-19,28-DEC-18,"",13,6,,0,"C","F",48724823
2018,3821,112384316,9094479,"N",21-JUN-19,04-OCT-18,"",0,6,,0,"C","F",48724703
2018,3821,112387357,9094479,"",21-JUN-19,22-OCT-18,"",13,6,,0,"C","F",48724719
2018,3821,112387375,9085965,"N",21-JUN-19,08-NOV-18,"",17,6,,0,"C","F",48724761
2018,3821,112387417,9094478,"",21-JUN-19,24-DEC-18,"",19,6,,0,"C","F",48726995
2018,3821,112387421,9094478,"",21-JUN-19,29-DEC-18,"",22,6,,0,"C","F",48724829
2018,3821,112384246,9094478,"",21-JUN-19,16-DEC-18,"",17,6,,0,"C","F",48716310
2018,3821,112384300,9094479,"",21-JUN-19,03-OCT-18,"",12,6,,0,"C","F",48726932
2018,3821,112384308,9094479,"",21-JUN-19,08-OCT-18,"",11,6,,0,"C","F",48724698
2018,3821,112384325,9094479,"",21-JUN-19,19-OCT-18,"",23,6,,0,"C","F",48724709
2018,3821,112387363,9085965,"",21-JUN-19,02-NOV-18,"",11,6,,0,"C","F",48724731
2018,3821,112384378,9085965,"",21-JUN-19,16-NOV-18,"",13,6,,0,"C","F",48724760
2018,3821,112384386,9085965,"",21-JUN-19,16-NOV-18,"",19,6,,0,"C","F",48724763
2018,3821,112387395,9094479,"N",21-JUN-19,25-OCT-18,"",9,6,,0,"C","F",48724789
2018,3821,112384402,9094478,"",21-JUN-19,07-DEC-18,"",16,6,,0,"C","F",48724795
2018,3821,112384292,9094479,"",21-JUN-19,01-OCT-18,"",22,6,,0,"C","F",48716313
2018,3821,112384302,9094479,"",21-JUN-19,06-OCT-18,"",8,6,,0,"C","F",48724692
2018,3821,112384321,9094479,"",21-JUN-19,14-OCT-18,"",21,6,,0,"C","F",48724706
2018,3821,112384340,9094479,"",21-JUN-19,25-OCT-18,"",3,6,,0,"C","F",48726952
2018,3821,112384351,9094479,"N",21-JUN-19,27-OCT-18,"",18,6,,0,"C","F",48724725
2018,3821,112387376,9085965,"N",21-JUN-19,16-NOV-18,"",12,6,,0,"C","F",48726967
2018,3821,112384391,9085965,"N",21-JUN-19,29-NOV-18,"",11,6,,0,"C","F",48726973
2018,3821,112384411,9094478,"",21-JUN-19,07-DEC-18,"",19,6,,0,"C","F",48724798
2018,3821,112387412,9094478,"",21-JUN-19,18-DEC-18,"",20,6,,0,"C","F",48724812
2018,3821,112387339,9094479,"N",21-JUN-19,01-OCT-18,"",10,6,,0,"C","F",48724682
2018,3821,112384324,9094479,"",21-JUN-19,12-OCT-18,"",17,6,,0,"C","F",48724704
2018,3821,112384337,9094479,"",21-JUN-19,20-OCT-18,"",22,6,,0,"C","F",48724713
2018,3821,112384355,9094479,"",21-JUN-19,27-OCT-18,"",18,6,,0,"C","F",48724724
2018,3821,112384369,9085965,"N",21-JUN-19,05-NOV-18,"",8,6,,0,"C","F",48726961
2018,3821,112384375,9085965,"N",21-JUN-19,13-NOV-18,"",13,6,,0,"C","F",48724756
2018,3821,112387384,9085965,"",21-JUN-19,26-NOV-18,"",22,6,,0,"C","F",48724772
2018,3821,112384397,9094478,"N",21-JUN-19,03-DEC-18,"",0,6,,0,"C","F",48726976
2018,3821,112387400,9094478,"N",21-JUN-19,07-DEC-18,"",17,6,,0,"C","F",48724797
2018,3821,112384415,9094478,"",21-JUN-19,14-DEC-18,"",16,6,,0,"C","F",48726987
2018,3821,112384433,9094478,"",21-JUN-19,30-DEC-18,"",13,5,30-DEC-18,0,"C","F",48724831
2018,3821,112384249,9085964,"N",21-JUN-19,01-AUG-18,"",0,6,,0,"C","F",48724604
2018,3821,112384279,9094479,"N",21-JUN-19,26-OCT-18,"",6,6,,0,"C","F",48724662
2018,3821,112384322,9094479,"",21-JUN-19,15-OCT-18,"",12,6,,0,"C","F",48724705
2018,3821,112387356,9094479,"N",21-JUN-19,24-OCT-18,"",15,6,,0,"C","F",48724721
2018,3821,112384357,9085965,"N",21-JUN-19,04-NOV-18,"",20,6,,0,"C","F",48726960
2018,3821,112384370,9085965,"",21-JUN-19,09-NOV-18,"",22,6,,0,"C","F",48724747
2018,3821,112384406,9094478,"N",21-JUN-19,07-DEC-18,"",17,6,,0,"C","F",48724800
2018,4062,109024047,8895224,"Y",01-APR-19,18-DEC-18,"R",0,6,,0,"C","F",42552284
2018,3507,112399458,9095603,"",24-JUN-19,26-DEC-18,"R",12,6,,0,"C","F",48720605
2018,3705,109039708,8892946,"N",01-APR-19,10-DEC-18,"R",14,6,,0,"C","F",42552358
2018,3705,109039706,8892946,"N",01-APR-19,01-DEC-18,"",2,6,,0,"C","F",42545253
2018,3705,109039710,8892945,"N",01-APR-19,27-NOV-18,"",3,6,,0,"C","F",42549105
2018,3705,109034020,8892946,"",01-APR-19,26-DEC-18,"",23,6,,0,"C","F",42545255
2018,3705,109024101,8892945,"N",01-APR-19,26-NOV-18,"",14,6,,0,"C","F",42549106
2018,3705,109034024,8892945,"N",01-APR-19,22-NOV-18,"",18,6,,0,"C","F",42545257
2018,3705,109039654,8892945,"N",01-APR-19,10-NOV-18,"",6,6,,0,"C","F",42545168
2018,3705,109024100,8892946,"N",01-APR-19,30-DEC-18,"R",7,6,,0,"C","F",42552360
2018,3705,109024099,8892945,"N",01-APR-19,23-NOV-18,"",6,6,,0,"C","F",42549102
2018,3945,112383332,9093583,"N",21-JUN-19,03-DEC-18,"",8,6,,0,"C","F",48726140
2018,3609,112391209,9093577,"N",21-JUN-19,14-SEP-18,"",0,6,,0,"C","F",48723120
2018,4171,112401728,9095586,"N",24-JUN-19,01-DEC-18,"",0,6,,0,"C","F",48739349
2018,3475,109034023,8895220,"",01-APR-19,13-NOV-18,"",22,6,,0,"C","F",42549111
2018,3475,109039714,8895227,"",01-APR-19,16-DEC-18,"",10,6,,0,"C","F",42545268
2018,3475,109034022,8895220,"",01-APR-19,09-NOV-18,"",2,6,,0,"C","F",42552366
2018,3475,109024108,8895227,"",01-APR-19,10-DEC-18,"",15,6,,0,"C","F",42549115
2018,3475,109039717,8895227,"",01-APR-19,17-DEC-18,"",18,6,,0,"C","F",42552371
2018,3475,109024052,8895220,"N",01-APR-19,17-NOV-18,"",19,6,,0,"C","F",42552287
2018,3475,109024107,8895220,"N",01-APR-19,19-NOV-18,"",16,6,,0,"C","F",42552369
2018,3475,109034029,8895227,"N",01-APR-19,11-DEC-18,"",17,6,,0,"C","F",42552372
2018,3475,109039716,8895227,"",01-APR-19,08-DEC-18,"",10,6,,0,"C","F",42552373
2018,3475,109024104,8895220,"",01-APR-19,13-NOV-18,"",17,6,,0,"C","F",42552367
2018,3475,109039712,8895220,"",01-APR-19,15-NOV-18,"",2,6,,0,"C","F",42545263
2018,3475,109039715,8895227,"N",01-APR-19,23-DEC-18,"",8,6,,0,"C","F",42545269
2018,3475,109024103,8895220,"",01-APR-19,17-NOV-18,"",9,6,,0,"C","F",42552368
2018,3475,109024109,8895227,"N",01-APR-19,11-DEC-18,"",19,6,,0,"C","F",42549116
2018,3475,109034026,8895220,"",01-APR-19,22-NOV-18,"",2,6,,0,"C","F",42545267
2018,3475,109039713,8895220,"N",01-APR-19,23-NOV-18,"",16,6,,0,"C","F",42545262
2018,3475,109039720,8895227,"N",01-APR-19,31-DEC-18,"",10,6,,0,"C","F",42552374
2018,3475,109024110,8895220,"",01-APR-19,30-NOV-18,"",23,6,,0,"C","F",42549114
2018,3475,109024111,8895227,"",01-APR-19,17-DEC-18,"",18,6,,0,"C","F",42549117
2018,3475,109034028,8895227,"N",01-APR-19,27-DEC-18,"",18,6,,0,"C","F",42549120
2018,3475,109039721,8895220,"N",01-APR-19,28-NOV-18,"",12,6,,0,"C","F",42549124
2018,3475,109039719,8895227,"",01-APR-19,21-DEC-18,"",12,6,,0,"C","F",42549118
2018,3475,109024106,8895220,"",01-APR-19,03-NOV-18,"",20,6,,0,"C","F",42545264
2018,3475,109034027,8895220,"N",01-APR-19,05-NOV-18,"",10,6,,0,"C","F",42549112
2018,3475,109024102,8895220,"N",01-APR-19,05-NOV-18,"",19,6,,0,"C","F",42552365
2018,3475,109039718,8895227,"",01-APR-19,30-DEC-18,"",8,6,,0,"C","F",42549121
2018,3475,109034025,8895220,"",01-APR-19,05-NOV-18,"",9,6,,0,"C","F",42545261
2018,3475,109039711,8895220,"",01-APR-19,21-NOV-18,"",23,6,,0,"C","F",42545265
2018,3719,112381104,9093497,"N",21-JUN-19,27-DEC-18,"R",15,6,,0,"C","F",48710035
2018,3615,109034081,8892949,"Y",01-APR-19,22-DEC-18,"",0,6,,0,"C","F",42545341
2018,3615,109039761,8892949,"Y",01-APR-19,29-DEC-18,"",21,6,,0,"C","F",42552444
2018,3615,109024135,8892949,"Y",01-APR-19,27-DEC-18,"",16,6,,0,"C","F",42545335
2018,3615,109034078,8892949,"Y",01-APR-19,14-DEC-18,"",0,6,,0,"C","F",42549189
2018,3615,109024137,8892949,"Y",01-APR-19,12-DEC-18,"",0,6,,0,"C","F",42545334
2018,3615,109024136,8892949,"Y",01-APR-19,27-DEC-18,"",0,6,,0,"C","F",42552443
2018,3615,109039760,8892949,"Y",01-APR-19,28-DEC-18,"",7,6,,0,"C","F",42545336
2018,3615,109034080,8892949,"Y",01-APR-19,20-DEC-18,"",0,6,,0,"C","F",42545337
2018,3834,113818490,9093626,"N",28-AUG-19,20-DEC-18,"",0,6,,0,"C","F",51128422
2018,3834,113818483,9138560,"N",28-AUG-19,01-JAN-18,"",0,6,,0,"C","F",51133295
2018,3834,113823567,9095592,"N",28-AUG-19,14-MAR-18,"",12,6,,0,"C","F",51133289
2018,3834,113823570,9094489,"N",28-AUG-19,03-SEP-18,"",19,6,,0,"C","F",51128415
2018,3834,113823571,9095592,"N",28-AUG-19,05-MAR-18,"",12,6,,0,"C","F",51133305
2018,3834,113823574,9094487,"",28-AUG-19,25-MAY-18,"",2,6,,0,"C","F",51108038
2018,3834,113818484,9095595,"N",28-AUG-19,28-AUG-18,"",14,6,,0,"C","F",51128411
2018,3834,113818487,9095593,"N",28-AUG-19,06-APR-18,"",0,6,,0,"C","F",51108034
2018,3834,113818491,9095595,"N",28-AUG-19,01-AUG-18,"",2,6,,0,"C","F",51128431
2018,3834,113828608,9095596,"N",28-AUG-19,01-NOV-18,"",0,6,,0,"C","F",51133302
2018,3834,112399473,9094489,"N",24-JUN-19,23-SEP-18,"",13,6,,0,"C","F",48739497
2018,3834,112399474,9093626,"N",24-JUN-19,14-DEC-18,"",9,6,,0,"C","F",48743464
2018,3834,113026351,9094488,"",29-JUL-19,01-JUN-18,"",0,6,,0,"C","F",49801981
2018,3834,113036421,9095596,"",29-JUL-19,17-NOV-18,"",20,6,,0,"C","F",49806983
2018,3834,113026365,9095596,"N",29-JUL-19,30-NOV-18,"",12,6,,0,"C","F",49797073
2018,3834,113036409,9094488,"N",29-JUL-19,19-JUN-18,"",12,6,,0,"C","F",49806958
2018,3834,113026342,9093626,"N",29-JUL-19,30-DEC-18,"",0,6,,0,"C","F",49797044
2018,3834,113026334,9095595,"N",29-JUL-19,19-AUG-18,"",20,6,,0,"C","F",49806952
2018,3834,113031341,9095593,"N",29-JUL-19,18-APR-18,"",2,6,,0,"C","F",49806967
2018,3834,113036404,9138560,"N",29-JUL-19,01-JAN-18,"",0,6,,0,"C","F",49801962
2018,3834,113036426,9094489,"",29-JUL-19,01-SEP-18,"",7,6,,0,"C","F",49797075
2018,3834,112393867,9094491,"N",24-JUN-19,22-OCT-18,"",21,6,,0,"C","F",48739496
2018,3834,112393870,9093626,"",24-JUN-19,26-DEC-18,"",12,6,,0,"C","F",48720643
2018,3834,112393865,9095595,"",24-JUN-19,30-AUG-18,"",19,6,,0,"C","F",48739491
2018,3834,112401813,9094486,"N",24-JUN-19,04-FEB-18,"",0,6,,0,"C","F",48720624
2018,3834,112393869,9093626,"N",24-JUN-19,16-DEC-18,"",16,6,,0,"C","F",48739505
2018,3834,113036408,9094491,"",29-JUL-19,28-OCT-18,"",2,6,,0,"C","F",49806955
2018,3834,112401818,9094491,"N",24-JUN-19,29-OCT-18,"",11,6,,0,"C","F",48720634
2018,3834,112399477,9093626,"N",24-JUN-19,20-DEC-18,"",2,6,,0,"C","F",48739513
2018,3834,112393862,9095593,"",24-JUN-19,30-APR-18,"",17,6,,0,"C","F",48739483
2018,3834,112393866,9094491,"N",24-JUN-19,04-OCT-18,"",10,6,,0,"C","F",48720631
2018,3834,112401885,9094488,"N",24-JUN-19,02-JUN-18,"",0,6,,0,"C","F",48720764
2018,3834,113026354,9095593,"",29-JUL-19,20-APR-18,"",11,6,,0,"C","F",49797059
2018,3834,113031336,9094489,"",29-JUL-19,05-SEP-18,"",21,6,,0,"C","F",49806960
2018,3834,113026356,9094489,"",29-JUL-19,20-SEP-18,"",0,6,,0,"C","F",49797060
2018,3834,117075384,9095596,"",22-OCT-19,27-NOV-18,"",22,4,31-JUL-19,0,"C","F",58706490
2018,3834,117075385,9094491,"",22-OCT-19,24-OCT-18,"",5,2,31-JUL-19,0,"C","F",58706491
2018,3834,112399469,9094488,"N",24-JUN-19,05-JUN-18,"",10,6,,0,"C","F",48739487
2018,3834,112399488,9094487,"N",24-JUN-19,15-MAY-18,"",0,6,,0,"C","F",48739541
2018,3834,112401904,9094487,"",24-JUN-19,28-MAY-18,"",16,2,30-APR-19,0,"C","F",48720806
2018,3834,112401902,9093626,"N",24-JUN-19,31-DEC-18,"",0,6,,0,"C","F",48720801
2018,3834,112401815,9095593,"",24-JUN-19,26-APR-18,"",10,6,,0,"C","F",48739486
2018,3834,112393871,9093626,"N",24-JUN-19,26-DEC-18,"",10,6,,0,"C","F",48720644
2018,3834,112401897,9094488,"N",24-JUN-19,07-JUN-18,"",10,6,,0,"C","F",48720785
2018,3834,112393999,9095593,"",24-JUN-19,15-APR-18,"",11,6,,0,"C","F",48720834
2018,3834,112401812,9094486,"",24-JUN-19,17-FEB-18,"",17,6,,0,"C","F",48739482
2018,3834,112401817,9094489,"",24-JUN-19,28-SEP-18,"",17,6,,0,"C","F",48743457
2018,3834,112393863,9095593,"N",24-JUN-19,18-APR-18,"",17,6,,0,"C","F",48720623
2018,3834,112399465,9095592,"N",24-JUN-19,20-MAR-18,"",22,6,,0,"C","F",48739484
2018,3834,112401824,9095596,"N",24-JUN-19,23-NOV-18,"",14,6,,0,"C","F",48743459
2018,3834,112393864,9094488,"N",24-JUN-19,01-JUN-18,"",0,6,,0,"C","F",48720627
2018,3834,112401827,9093626,"N",24-JUN-19,04-DEC-18,"",22,6,,0,"C","F",48720638
2018,3834,112399471,9095594,"",24-JUN-19,24-JUL-18,"",5,6,,0,"C","F",48743453
2018,3834,112401821,9094491,"",24-JUN-19,19-OCT-18,"",21,6,,0,"C","F",48739499
2018,3834,112399480,9095596,"N",24-JUN-19,26-NOV-18,"",0,6,,0,"C","F",48720655
2018,3834,112401814,9094487,"N",24-JUN-19,25-MAY-18,"",14,6,,0,"C","F",48743449
2018,3834,112393868,9093626,"",24-JUN-19,19-DEC-18,"",15,2,30-APR-19,0,"C","F",48720640
2018,3834,112401816,9094488,"N",24-JUN-19,30-JUN-18,"",0,6,,0,"C","F",48739489
2018,3834,112401820,9095596,"N",24-JUN-19,02-NOV-18,"",8,6,,0,"C","F",48743458
2018,3834,112399466,9095595,"",24-JUN-19,29-AUG-18,"",10,4,21-APR-19,0,"C","F",48720626
2018,3834,112401823,9095596,"",24-JUN-19,23-NOV-18,"",18,6,,0,"C","F",48743462
2018,3834,112399467,9095593,"",24-JUN-19,30-APR-18,"",11,6,,0,"C","F",48739485
2018,3834,112399476,9093626,"N",24-JUN-19,23-DEC-18,"",20,6,,0,"C","F",48739511
2018,3834,113036415,9094489,"",29-JUL-19,18-SEP-18,"",13,6,,0,"C","F",49801975
2018,3834,113036419,9093626,"N",29-JUL-19,01-DEC-18,"",0,6,,0,"C","F",49797056
2018,3834,112401826,9093626,"N",24-JUN-19,07-DEC-18,"",8,6,,0,"C","F",48739502
2018,3834,113026340,9094487,"",29-JUL-19,01-MAY-18,"",7,6,,0,"C","F",49797040
2018,3834,113031335,9095593,"N",29-JUL-19,01-APR-18,"",2,6,,0,"C","F",49797028
2018,3834,112399468,9095594,"N",24-JUN-19,17-JUL-18,"",21,6,,0,"C","F",48743451
2018,3834,112399472,9094491,"N",24-JUN-19,17-OCT-18,"",21,6,,0,"C","F",48739495
2018,3834,112401825,9095596,"N",24-JUN-19,25-NOV-18,"",0,6,,0,"C","F",48739501
2018,3988,113036729,9140577,"N",29-JUL-19,01-JAN-18,"",0,6,,0,"C","F",49802311
2018,3988,113036727,9140578,"",29-JUL-19,17-JUL-18,"",20,6,,0,"C","F",49802312
2018,3988,113036743,9140575,"",29-JUL-19,01-OCT-18,"",0,6,,0,"C","F",49797589
2018,3988,113026805,9140575,"",29-JUL-19,26-OCT-18,"",22,6,,0,"C","F",49797575
2018,3988,113026817,9140575,"",29-JUL-19,01-OCT-18,"",0,6,,0,"C","F",49807627
2018,3988,116110362,10138064,"",23-SEP-19,16-AUG-18,"",6,6,,0,"C","F",56466739
2018,3988,116103916,9140577,"N",23-SEP-19,01-JAN-18,"",0,6,,0,"C","F",56458187
2018,3822,112382796,9093560,"",21-JUN-19,13-JUN-18,"",10,6,,0,"C","F",48716166
2018,3822,112386585,9093562,"N",21-JUN-19,21-DEC-18,"",11,6,,0,"C","F",48700857
2018,3822,112382829,9093562,"N",21-JUN-19,18-DEC-18,"",8,6,,0,"C","F",48722527
2018,3822,112382919,9093564,"N",21-JUN-19,14-NOV-18,"",13,2,21-FEB-19,0,"C","F",48722642
2018,3822,112382876,9093560,"N",21-JUN-19,20-JUN-18,"",12,6,,0,"C","F",48700853
2018,3570,109024134,8892947,"N",01-APR-19,19-DEC-18,"",14,6,,0,"C","F",42545331
2018,3570,109034082,8892947,"N",01-APR-19,27-DEC-18,"",13,6,,0,"C","F",42549193
2018,3570,109034077,8892947,"N",01-APR-19,03-DEC-18,"",15,6,,0,"C","F",42549188
2018,3570,109034079,8892947,"",01-APR-19,01-DEC-18,"",3,6,,0,"C","F",42552442
2018,3570,109039759,8892947,"N",01-APR-19,21-DEC-18,"",10,6,,0,"C","F",42545333
2018,3992,112402048,9095608,"N",24-JUN-19,01-JUN-18,"",6,6,,0,"C","F",48746125
2018,3878,109039698,8892944,"",01-APR-19,03-OCT-18,"",18,6,,0,"C","F",42549095
2018,3878,109034013,8892944,"N",01-APR-19,16-OCT-18,"",15,6,,0,"C","F",42545246
2018,3878,109034015,8892944,"N",01-APR-19,05-OCT-18,"",12,6,,0,"C","F",42549096
2018,3878,109024096,8892944,"",01-APR-19,01-OCT-18,"",13,6,,0,"C","F",42552341
2018,3878,109034008,8892944,"",01-APR-19,05-OCT-18,"",15,6,,0,"C","F",42545241
2018,3878,109039699,8892944,"N",01-APR-19,12-OCT-18,"",0,6,,0,"C","F",42545248
2018,3878,109039703,8895705,"N",01-APR-19,10-NOV-18,"",0,6,,0,"C","F",42545251
2018,3878,109024090,8892944,"",01-APR-19,07-OCT-18,"",21,6,,0,"C","F",42552343
2018,3878,109039700,8892944,"",01-APR-19,19-OCT-18,"",9,6,,0,"C","F",42549098
2018,3878,109034012,8895223,"N",01-APR-19,30-SEP-18,"",8,6,,0,"C","F",42552344
2018,3878,109034021,8895705,"",01-APR-19,02-NOV-18,"",12,6,,0,"C","F",42549101
2018,3878,109039701,8892944,"",01-APR-19,28-OCT-18,"",14,6,,0,"C","F",42552353
2018,3878,109024098,8895705,"N",01-APR-19,01-NOV-18,"",10,6,,0,"C","F",42549099
2018,3878,109034014,8892944,"",01-APR-19,19-OCT-18,"",12,6,,0,"C","F",42545247
2018,3878,109039705,8895706,"N",01-APR-19,07-DEC-18,"",16,6,,0,"C","F",42552357
2018,3878,113823193,8895223,"N",28-AUG-19,28-SEP-18,"",15,6,,0,"C","F",51107229
2018,3878,109039704,8895705,"",01-APR-19,08-NOV-18,"",15,6,,0,"C","F",42549100
2018,3878,109024105,8895706,"N",01-APR-19,06-DEC-18,"",10,6,,0,"C","F",42545259
2018,3878,109034016,8892944,"",01-APR-19,24-OCT-18,"",21,6,,0,"C","F",42552351
2018,3878,109033943,8892944,"",01-APR-19,14-OCT-18,"",2,6,,0,"C","F",42552285
2018,3878,109024092,8892944,"N",01-APR-19,09-OCT-18,"",18,6,,0,"C","F",42545244
2018,3878,109024095,8892944,"N",01-APR-19,21-OCT-18,"",14,6,,0,"C","F",42552349
2018,3878,109024091,8892944,"",01-APR-19,23-OCT-18,"",22,6,,0,"C","F",42552350
2018,3878,109039694,8892944,"N",01-APR-19,09-OCT-18,"",18,6,,0,"C","F",42549097
2018,3878,109034010,8892944,"",01-APR-19,07-OCT-18,"",14,6,,0,"C","F",42552342
2018,3878,109039697,8892944,"N",01-APR-19,23-OCT-18,"",10,6,,0,"C","F",42552346
2018,3878,109039695,8892944,"",01-APR-19,23-OCT-18,"",1,6,,0,"C","F",42545245
2018,3878,109034011,8892944,"N",01-APR-19,18-OCT-18,"",8,6,,0,"C","F",42552345
2018,3878,109039709,8895705,"",01-APR-19,12-NOV-18,"",1,6,,0,"C","F",42545252
2018,3878,109024093,8892944,"",01-APR-19,10-OCT-18,"",0,6,,0,"C","F",42545243
2018,3878,109039696,8892944,"",01-APR-19,24-OCT-18,"",1,6,,0,"C","F",42552347
2018,3878,109039693,8895223,"N",01-APR-19,13-SEP-18,"",8,6,,0,"C","F",42545242
2018,3878,109034017,8892944,"",01-APR-19,27-OCT-18,"",0,6,,0,"C","F",42552352
2018,3878,109034019,8895705,"",01-APR-19,03-NOV-18,"",12,6,,0,"C","F",42545249
2018,3878,109039702,8895705,"N",01-APR-19,07-NOV-18,"",1,6,,0,"C","F",42545250
2018,3878,109034009,8892944,"",01-APR-19,01-OCT-18,"",1,6,,0,"C","F",42545239
2018,3878,109024094,8892944,"N",01-APR-19,25-OCT-18,"",0,6,,0,"C","F",42552348
2018,3878,109024097,8895705,"",01-APR-19,06-NOV-18,"",13,6,,0,"C","F",42552354
2018,3878,109024088,8892944,"",01-APR-19,02-OCT-18,"",11,6,,0,"C","F",42545240
2018,3878,109034018,8895705,"",01-APR-19,02-NOV-18,"",1,6,,0,"C","F",42552355
2018,3878,109024089,8895223,"N",01-APR-19,27-SEP-18,"",1,6,,0,"C","F",42549094
2018,3878,109039707,8895705,"N",01-APR-19,12-NOV-18,"",15,6,,0,"C","F",42549103
2018,4000,112387008,9093598,"N",21-JUN-19,06-JUN-18,"",0,6,,0,"C","F",48726404
2018,3564,113828516,9095572,"N",28-AUG-19,30-NOV-18,"",17,6,,0,"C","F",51128102
2018,3564,112401700,9095572,"N",24-JUN-19,17-NOV-18,"",11,6,,0,"C","F",48739301
2018,3564,112393768,9095572,"",24-JUN-19,16-NOV-18,"",15,6,,0,"C","F",48720466
2018,3564,112401697,9095575,"",24-JUN-19,07-DEC-18,"",8,6,,0,"C","F",48720445
2018,3490,109034062,8895218,"",01-APR-19,21-NOV-18,"",0,6,,0,"C","F",42545310
2018,3490,109034072,8895226,"",01-APR-19,22-DEC-18,"",0,6,,0,"C","F",42545316
2018,3490,109034060,8895218,"",01-APR-19,01-NOV-18,"",19,6,,0,"C","F",42545307
2018,3490,109024132,8895226,"",01-APR-19,17-DEC-18,"",0,6,,0,"C","F",42552426
2018,3490,109034074,8895226,"N",01-APR-19,21-DEC-18,"",6,6,,0,"C","F",42549180
2018,3490,109039751,8895226,"N",01-APR-19,05-DEC-18,"",5,6,,0,"C","F",42549173
2018,3490,109039752,8895226,"N",01-APR-19,12-DEC-18,"",0,6,,0,"C","F",42545317
2018,3490,109034065,8895218,"",01-APR-19,28-NOV-18,"",12,6,,0,"C","F",42552418
2018,3490,109039753,8895226,"N",01-APR-19,15-DEC-18,"",11,6,,0,"C","F",42552427
2018,3490,109039755,8895226,"",01-APR-19,14-DEC-18,"",20,6,,0,"C","F",42552421
2018,3490,109034066,8895226,"",01-APR-19,10-DEC-18,"",9,6,,0,"C","F",42552420
2018,3490,109024131,8895226,"",01-APR-19,17-DEC-18,"",16,6,,0,"C","F",42545315
2018,3490,109039745,8895218,"",01-APR-19,26-NOV-18,"",14,6,,0,"C","F",42552416
2018,3490,113823201,8895218,"",28-AUG-19,11-NOV-18,"",0,6,,0,"C","F",51127303
2018,3490,109034075,8895226,"",01-APR-19,22-DEC-18,"",4,6,,0,"C","F",42549178
2018,3490,109039758,8895226,"N",01-APR-19,27-DEC-18,"",6,6,,0,"C","F",42545319
2018,3490,109024130,8895226,"",01-APR-19,17-DEC-18,"",14,6,,0,"C","F",42552425
2018,3490,109034070,8895226,"",01-APR-19,10-DEC-18,"",19,6,,0,"C","F",42552424
2018,3490,109039748,8895226,"N",01-APR-19,07-DEC-18,"",16,6,,0,"C","F",42545311
2018,3490,109034076,8895226,"",01-APR-19,28-DEC-18,"",16,6,,0,"C","F",42552430
2018,3490,109039756,8895226,"",01-APR-19,27-DEC-18,"",12,6,,0,"C","F",42549177
2018,3490,109039749,8895218,"",01-APR-19,29-NOV-18,"",13,6,,0,"C","F",42552423
2018,3490,109024133,8895226,"",01-APR-19,22-DEC-18,"",5,6,,0,"C","F",42545318
2018,3490,109039744,8895218,"N",01-APR-19,29-NOV-18,"",0,6,,0,"C","F",42552417
2018,3490,109034069,8895226,"",01-APR-19,11-DEC-18,"",0,6,,0,"C","F",42552422
2018,3490,109034063,8895226,"N",01-APR-19,16-DEC-18,"",16,6,,0,"C","F",42545314
2018,3490,109039747,8895226,"N",01-APR-19,16-DEC-18,"",11,6,,0,"C","F",42545313
2018,3490,109039742,8895218,"",01-APR-19,05-NOV-18,"",14,6,,0,"C","F",42552415
2018,3490,109039757,8895226,"",01-APR-19,30-DEC-18,"",13,6,,0,"C","F",42552431
2018,3490,109039746,8895226,"",01-APR-19,09-DEC-18,"",3,6,,0,"C","F",42549174
2018,3490,109034071,8895226,"",01-APR-19,20-DEC-18,"",0,6,,0,"C","F",42552428
2018,3490,109034073,8895226,"",01-APR-19,24-DEC-18,"",23,6,,0,"C","F",42549176
2018,3490,109034061,8895218,"",01-APR-19,20-NOV-18,"",9,6,,0,"C","F",42545308
2018,3490,109039750,8895218,"N",01-APR-19,19-NOV-18,"",7,6,,0,"C","F",42549171
2018,3490,109034064,8895226,"N",01-APR-19,08-DEC-18,"",5,6,,0,"C","F",42545312
2018,3490,109039743,8895218,"",01-APR-19,01-NOV-18,"",6,6,,0,"C","F",42549169
2018,3490,109034068,8895218,"",01-APR-19,18-NOV-18,"",16,6,,0,"C","F",42552419
2018,3490,109024129,8895218,"",01-APR-19,17-NOV-18,"",21,6,,0,"C","F",42549170
2018,3711,109039729,8895225,"",01-APR-19,16-NOV-18,"",21,6,,0,"C","F",42549133
2018,3711,109034046,8895222,"",01-APR-19,09-DEC-18,"",0,6,,0,"C","F",42549146
2018,3711,109034049,8895222,"N",01-APR-19,07-DEC-18,"",20,6,,0,"C","F",42545286
2018,3711,109034036,8895225,"N",01-APR-19,25-NOV-18,"",22,6,,0,"C","F",42552387
2018,3711,109034033,8895225,"",01-APR-19,20-NOV-18,"",23,6,,0,"C","F",42552385
2018,3711,109039735,8895222,"N",01-APR-19,06-DEC-18,"",16,6,,0,"C","F",42545285
2018,3711,109034050,8895222,"",01-APR-19,23-DEC-18,"",0,6,,0,"C","F",42545290
2018,3711,109024112,8895225,"",01-APR-19,03-NOV-18,"",19,6,,0,"C","F",42552379
2018,3711,109034038,8895225,"N",01-APR-19,21-NOV-18,"",0,6,,0,"C","F",42545282
2018,3711,109039738,8895222,"",01-APR-19,17-DEC-18,"",22,6,,0,"C","F",42545288
2018,3711,109024115,8895225,"",01-APR-19,04-NOV-18,"",10,6,,0,"C","F",42549128
2018,3711,109034040,8895225,"N",01-APR-19,02-NOV-18,"",8,6,,0,"C","F",42545284
2018,3711,109034056,8895222,"",01-APR-19,23-DEC-18,"",21,6,,0,"C","F",42552396
2018,3711,109034058,8895222,"N",01-APR-19,27-DEC-18,"",18,6,,0,"C","F",42549155
2018,3711,109034037,8895225,"N",01-APR-19,28-NOV-18,"",8,6,,0,"C","F",42552388
2018,3711,109024123,8895222,"N",01-APR-19,08-DEC-18,"",7,6,,0,"C","F",42552393
2018,3711,109034031,8895225,"N",01-APR-19,04-NOV-18,"",14,6,,0,"C","F",42552380
2018,3711,109039732,8895222,"",01-APR-19,06-DEC-18,"",13,6,,0,"C","F",42549144
2018,3711,109034052,8895222,"",01-APR-19,14-DEC-18,"",20,6,,0,"C","F",42549148
2018,3711,109034057,8895222,"",01-APR-19,30-DEC-18,"",23,6,,0,"C","F",42545293
2018,3711,109039727,8895225,"",01-APR-19,14-NOV-18,"",19,6,,0,"C","F",42549134
2018,3711,109039740,8895222,"",01-APR-19,25-DEC-18,"",3,6,,0,"C","F",42552397
2018,3711,109039724,8895225,"N",01-APR-19,12-NOV-18,"",17,6,,0,"C","F",42549131
2018,3711,109034044,8895222,"",01-APR-19,01-DEC-18,"",0,6,,0,"C","F",42549141
2018,3711,109034048,8895222,"",01-APR-19,09-DEC-18,"",20,6,,0,"C","F",42552392
2018,3711,109024117,8895225,"",01-APR-19,24-NOV-18,"",12,6,,0,"C","F",42545280
2018,3711,109034053,8895222,"",01-APR-19,23-DEC-18,"",0,6,,0,"C","F",42549152
2018,3711,112391150,8895222,"",21-JUN-19,15-DEC-18,"",11,6,,0,"C","F",48700596
2018,3711,109034041,8895225,"",01-APR-19,23-NOV-18,"",19,6,,0,"C","F",42545279
2018,3711,109034047,8895222,"",01-APR-19,02-DEC-18,"",9,6,,0,"C","F",42545287
2018,3711,109039725,8895225,"",01-APR-19,06-NOV-18,"",11,6,,0,"C","F",42545274
2018,3711,109034042,8895222,"N",01-APR-19,06-DEC-18,"",13,6,,0,"C","F",42552390
2018,3711,109034051,8895222,"",01-APR-19,22-DEC-18,"",2,6,,0,"C","F",42549151
2018,3711,109024114,8895225,"N",01-APR-19,02-NOV-18,"",14,6,,0,"C","F",42545273
2018,3711,109034043,8895225,"",01-APR-19,21-NOV-18,"",10,6,,0,"C","F",42552386
2018,3711,109034055,8895222,"",01-APR-19,22-DEC-18,"",23,6,,0,"C","F",42545291
2018,3711,109034032,8895225,"",01-APR-19,12-NOV-18,"",9,6,,0,"C","F",42552382
2018,3711,109039731,8895225,"N",01-APR-19,08-NOV-18,"",18,6,,0,"C","F",42545277
2018,3711,109039733,8895222,"N",01-APR-19,08-DEC-18,"",1,6,,0,"C","F",42549145
2018,3711,109024128,8895222,"",01-APR-19,30-DEC-18,"",19,6,,0,"C","F",42552399
2018,3711,109039723,8895225,"N",01-APR-19,04-NOV-18,"",20,6,,0,"C","F",42545275
2018,3711,109024119,8895222,"",01-APR-19,05-DEC-18,"",16,6,,0,"C","F",42549143
2018,3711,109039739,8895222,"N",01-APR-19,10-DEC-18,"",8,6,,0,"C","F",42549149
2018,3711,109039726,8895225,"",01-APR-19,14-NOV-18,"",12,6,,0,"C","F",42549135
2018,3711,109034039,8895222,"N",01-APR-19,03-DEC-18,"",19,6,,0,"C","F",42549142
2018,3711,109034045,8895225,"",01-APR-19,21-NOV-18,"",16,6,,0,"C","F",42549140
2018,3711,109034059,8895222,"",01-APR-19,22-DEC-18,"",19,6,,0,"C","F",42545294
2018,3711,109034054,8895222,"",01-APR-19,21-DEC-18,"",23,6,,0,"C","F",42545289
2018,3711,109024113,8895225,"N",01-APR-19,06-NOV-18,"",17,6,,0,"C","F",42549130
2018,3711,109024116,8895225,"",01-APR-19,24-NOV-18,"",4,6,,0,"C","F",42549138
2018,3711,109034035,8895225,"",01-APR-19,24-NOV-18,"",18,6,,0,"C","F",42549139
2018,3711,109024126,8895222,"",01-APR-19,24-DEC-18,"",17,6,,0,"C","F",42552398
2018,3711,109039741,8895222,"N",01-APR-19,23-DEC-18,"",0,6,,0,"C","F",42549153
2018,3711,109024125,8895222,"N",01-APR-19,29-DEC-18,"",15,6,,0,"C","F",42549154
2018,3711,109039728,8895225,"N",01-APR-19,14-NOV-18,"",20,6,,0,"C","F",42549136
2018,3711,109024118,8895225,"",01-APR-19,14-NOV-18,"",11,6,,0,"C","F",42545278
2018,3711,109039737,8895225,"",01-APR-19,28-NOV-18,"",0,6,,0,"C","F",42552389
2018,3711,109039722,8895225,"",01-APR-19,07-NOV-18,"",22,4,07-NOV-18,0,"C","F",42549129
2018,3711,109024120,8895222,"",01-APR-19,01-DEC-18,"",1,6,,0,"C","F",42545283
2018,3711,109039736,8895222,"",01-APR-19,08-DEC-18,"",10,6,,0,"C","F",42549147
2018,3711,109039646,8895222,"",01-APR-19,11-DEC-18,"",18,6,,0,"C","F",42549024
2018,3711,109039730,8895225,"",01-APR-19,01-NOV-18,"",4,6,,0,"C","F",42549132
2018,3711,109034034,8895225,"",01-APR-19,06-NOV-18,"",18,6,,0,"C","F",42552381
2018,3711,109024121,8895225,"N",01-APR-19,28-NOV-18,"",7,6,,0,"C","F",42545281
2018,3711,109039734,8895222,"",01-APR-19,08-DEC-18,"",12,6,,0,"C","F",42552391
2018,3711,109024122,8895222,"N",01-APR-19,10-DEC-18,"",8,6,,0,"C","F",42552395
2018,3711,109024124,8895222,"",01-APR-19,21-DEC-18,"",21,6,,0,"C","F",42549150
2018,3711,109024127,8895222,"N",01-APR-19,07-DEC-18,"",20,6,,0,"C","F",42545295
2018,3711,109034030,8895225,"",01-APR-19,01-NOV-18,"",10,6,,0,"C","F",42552378
2018,3821,112384417,9094478,"",21-JUN-19,11-DEC-18,"",17,6,,0,"C","F",48726985
2018,3821,112384426,9094478,"",21-JUN-19,24-DEC-18,"",21,6,,0,"C","F",48724821
2018,3821,112384491,9094479,"",21-JUN-19,23-OCT-18,"",0,6,,0,"C","F",48724880
2018,3821,112384248,9094478,"",21-JUN-19,29-DEC-18,"",11,6,,0,"C","F",48724600
2018,3821,112384293,9085964,"N",21-JUN-19,29-AUG-18,"",23,6,,0,"C","F",48724678
2018,3821,112384323,9094479,"N",21-JUN-19,13-OCT-18,"",18,6,,0,"C","F",48716315
2018,3821,112384360,9085965,"",21-JUN-19,02-NOV-18,"",23,6,,0,"C","F",48724737
2018,3821,112384385,9085965,"",21-JUN-19,21-NOV-18,"",20,6,,0,"C","F",48716319
2018,3821,112387396,9094478,"N",21-JUN-19,04-DEC-18,"",9,6,,0,"C","F",48724786
2018,3821,112387406,9094478,"",21-JUN-19,10-DEC-18,"",19,6,,0,"C","F",48726982
2018,3821,112384430,9094478,"",21-JUN-19,22-DEC-18,"",11,6,,0,"C","F",48726994
2018,3821,112384305,9094479,"",21-JUN-19,08-OCT-18,"",22,6,,0,"C","F",48724695
2018,3821,112384362,9085965,"",21-JUN-19,06-NOV-18,"",22,6,,0,"C","F",48724743
2018,3821,112384374,9085965,"N",21-JUN-19,12-NOV-18,"",15,6,,0,"C","F",48724754
2018,3821,112387380,9085965,"N",21-JUN-19,25-NOV-18,"",18,6,,0,"C","F",48724773
2018,3821,112384424,9094478,"N",21-JUN-19,21-DEC-18,"",9,6,,0,"C","F",48724817
2018,3821,112384438,9094478,"",21-JUN-19,28-DEC-18,"",22,6,,0,"C","F",48724826
2018,3821,112387319,9093611,"",21-JUN-19,10-SEP-18,"",0,6,,0,"C","F",48724606
2018,3821,112384303,9094479,"N",21-JUN-19,06-OCT-18,"",20,6,,0,"C","F",48724691
2018,3821,112384329,9094479,"",21-JUN-19,19-OCT-18,"",0,6,,0,"C","F",48724708
2018,3821,112384352,9094479,"",21-JUN-19,29-OCT-18,"",19,6,,0,"C","F",48724726
2018,3821,112384387,9085965,"N",21-JUN-19,19-NOV-18,"",17,6,,0,"C","F",48726970
2018,3821,112384412,9094478,"",21-JUN-19,10-DEC-18,"",23,6,,0,"C","F",48726984
2018,3821,112387415,9085965,"N",21-JUN-19,21-NOV-18,"",20,6,,0,"C","F",48724818
2018,3821,112384328,9094479,"",21-JUN-19,20-OCT-18,"",2,6,,0,"C","F",48724710
2018,3821,112384336,9094479,"",21-JUN-19,20-OCT-18,"",19,6,,0,"C","F",48726946
2018,3821,112387365,9085965,"",21-JUN-19,02-NOV-18,"",8,6,,0,"C","F",48724733
2018,3821,112387382,9085965,"",21-JUN-19,17-NOV-18,"",23,6,,0,"C","F",48724767
2018,3821,112387414,9094478,"N",21-JUN-19,19-DEC-18,"",20,6,,0,"C","F",48724815
2018,3821,112387346,9094479,"N",21-JUN-19,01-OCT-18,"",19,6,,0,"C","F",48726927
2018,3821,112384331,9094479,"N",21-JUN-19,19-OCT-18,"",15,6,,0,"C","F",48724712
2018,3821,112384333,9094479,"",21-JUN-19,21-OCT-18,"",16,6,,0,"C","F",48724715
2018,3821,112387392,9094478,"N",21-JUN-19,01-DEC-18,"",12,6,,0,"C","F",48724784
2018,3821,112384416,9094478,"",21-JUN-19,15-DEC-18,"",0,6,,0,"C","F",48724811
2018,3821,112384427,9094478,"",21-JUN-19,24-DEC-18,"",21,6,,0,"C","F",48724822
2018,3821,112384435,9094478,"N",21-JUN-19,26-DEC-18,"",10,6,,0,"C","F",48724828
2018,3821,112384452,9094478,"N",21-JUN-19,01-DEC-18,"",12,6,,0,"C","F",48727007
2018,3821,112384298,9094479,"",21-JUN-19,03-OCT-18,"",2,6,,0,"C","F",48726930
2018,3821,112384359,9085965,"N",21-JUN-19,02-NOV-18,"",12,6,,0,"C","F",48724732
2018,3821,112384377,9085965,"N",21-JUN-19,14-NOV-18,"",21,6,,0,"C","F",48726964
2018,3821,112387386,9085965,"N",21-JUN-19,29-NOV-18,"",18,6,,0,"C","F",48726974
2018,3821,112387402,9094478,"N",21-JUN-19,07-DEC-18,"",20,6,,0,"C","F",48726981
2018,3821,112387318,9093611,"",21-JUN-19,25-SEP-18,"",7,6,,0,"C","F",48724601
2018,3821,112384299,9094479,"N",21-JUN-19,01-OCT-18,"",6,6,,0,"C","F",48726934
2018,3821,112384315,9094479,"N",21-JUN-19,09-OCT-18,"",16,6,,0,"C","F",48726940
2018,3821,112387362,9085965,"",21-JUN-19,02-NOV-18,"",18,6,,0,"C","F",48724735
2018,3821,112384363,9085965,"",21-JUN-19,04-NOV-18,"",1,6,,0,"C","F",48724739
2018,3821,112384389,9085965,"N",21-JUN-19,19-NOV-18,"",16,6,,0,"C","F",48724769
2018,3821,112384400,9094478,"",21-JUN-19,05-DEC-18,"",19,6,,0,"C","F",48724792
2018,3821,112384434,9094478,"N",21-JUN-19,28-DEC-18,"",20,6,,0,"C","F",48726998
2018,3821,112384314,9094479,"",21-JUN-19,14-OCT-18,"",2,6,,0,"C","F",48726941
2018,3821,112384330,9094479,"N",21-JUN-19,16-OCT-18,"",14,6,,0,"C","F",48726943
2018,3821,112384371,9085965,"",21-JUN-19,06-NOV-18,"",14,6,,0,"C","F",48724742
2018,3821,112384382,9085965,"",21-JUN-19,15-NOV-18,"",12,6,,0,"C","F",48724762
2018,3821,112384287,9094479,"N",21-JUN-19,01-OCT-18,"",10,6,,0,"C","F",48724680
2018,3821,112384310,9094479,"",21-JUN-19,09-OCT-18,"",20,6,,0,"C","F",48724701
2018,3821,112384353,9094479,"N",21-JUN-19,20-OCT-18,"",10,6,,0,"C","F",48726957
2018,3821,112387368,9085965,"",21-JUN-19,10-NOV-18,"",14,6,,0,"C","F",48724749
2018,3821,112384384,9085965,"N",21-JUN-19,17-NOV-18,"",16,6,,0,"C","F",48726968
2018,3821,112384399,9094478,"",21-JUN-19,03-DEC-18,"",0,6,,0,"C","F",48726975
2018,3821,112384410,9094478,"",21-JUN-19,11-DEC-18,"",8,6,,0,"C","F",48726983
2018,3821,112384423,9094478,"",21-JUN-19,21-DEC-18,"",0,6,,0,"C","F",48724816
2018,3821,112384431,9094478,"",21-JUN-19,27-DEC-18,"",15,6,,0,"C","F",48726997
2018,3821,112384439,9094478,"",21-JUN-19,30-DEC-18,"",19,6,,0,"C","F",48724830
2018,3821,112387348,9094479,"",21-JUN-19,06-OCT-18,"",10,6,,0,"C","F",48724690
2018,3821,112384317,9094479,"",21-JUN-19,11-OCT-18,"",15,6,,0,"C","F",48724702
2018,3821,112384341,9094479,"",21-JUN-19,24-OCT-18,"",20,6,,0,"C","F",48726951
2018,3821,112387366,9085965,"",21-JUN-19,02-NOV-18,"",14,6,,0,"C","F",48724734
2018,3821,112384372,9085965,"N",21-JUN-19,12-NOV-18,"",11,6,,0,"C","F",48724753
2018,3821,112387397,9094478,"N",21-JUN-19,05-DEC-18,"",5,6,,0,"C","F",48724790
2018,3821,112384404,9094478,"N",21-JUN-19,07-DEC-18,"",12,6,,0,"C","F",48724796
2018,3821,112387347,9094479,"N",21-JUN-19,03-OCT-18,"",16,6,,0,"C","F",48716314
2018,3821,112384335,9094479,"",21-JUN-19,21-OCT-18,"",4,6,,0,"C","F",48726947
2018,3821,112387361,9094479,"N",21-JUN-19,29-OCT-18,"",19,6,,0,"C","F",48724728
2018,3821,112384398,9094478,"",21-JUN-19,03-DEC-18,"",4,6,,0,"C","F",48724785
2018,3821,112384409,9094478,"",21-JUN-19,12-DEC-18,"",8,6,,0,"C","F",48726986
2018,3821,112384296,9094479,"N",21-JUN-19,03-OCT-18,"",9,6,,0,"C","F",48724685
2018,3821,112384319,9094479,"N",21-JUN-19,15-OCT-18,"",14,6,,0,"C","F",48724707
2018,3821,112387358,9094479,"N",21-JUN-19,12-OCT-18,"",9,6,,0,"C","F",48724720
2018,3821,112387370,9085965,"N",21-JUN-19,15-NOV-18,"",2,6,,0,"C","F",48724755
2018,3821,112384392,9085965,"N",21-JUN-19,28-NOV-18,"",11,6,,0,"C","F",48724775
2018,3821,112384405,9094478,"N",21-JUN-19,09-DEC-18,"",20,6,,0,"C","F",48724801
2018,3821,112391277,9094478,"",21-JUN-19,19-DEC-18,"",0,6,,0,"C","F",48726992
2018,3821,116117592,9094478,"",23-SEP-19,23-DEC-18,"",3,6,,0,"C","F",56467020
2018,3818,112399418,9094494,"N",24-JUN-19,31-DEC-18,"",22,6,,0,"C","F",48720522
