"DATA_YEAR","VICTIM_ID","CIRCUMSTANCES_ID","JUSTIFIABLE_FORCE_ID"
2019,127183603,10,
2019,135121990,1,
2019,135117954,9,
2019,133023894,10,
2019,133019900,9,
2019,133017321,1,
2019,133021614,9,
2019,133010114,9,
2019,133010114,6,
2019,125503176,1,
2019,125498964,1,
2019,125503175,1,
2019,125499920,2,
2019,129144979,10,
2019,129148308,1,
2019,127188291,10,
2019,129141217,10,
2019,129142754,9,
2019,127188821,1,
2019,131320315,1,
2019,131319161,1,
2019,131320435,9,
2019,131309211,9,
2019,125495287,9,
2019,131309233,2,
2019,131312678,9,
2019,131323535,1,
2019,131309471,1,
2019,131313911,1,
2019,131323966,2,
2019,123886066,1,
2019,131320546,10,
2019,131321179,1,
2019,135120416,2,
2019,134769991,10,
2019,134774010,10,
2019,130336606,1,
2019,130333448,1,
2019,123888090,1,
2019,133019115,1,
2019,123884132,1,
2019,123882393,1,
2019,123706081,1,
2019,123887755,1,
2019,130337405,9,
2019,128270968,9,
2019,125503010,9,
2019,128273968,9,
2019,128274003,1,
2019,128272448,10,
2019,131312214,9,
2019,128274245,1,
2019,128270881,1,
2019,131313251,1,
2019,131318577,10,
2019,131311984,9,
2019,131319726,6,
2019,123887598,9,
2019,125503449,9,
2019,125503449,1,
2019,124593593,1,
2019,131323055,9,
2019,131310512,1,
2019,132999833,6,
2019,133013681,9,
2019,133007047,9,
2019,133017621,9,
2019,131313165,1,
2019,131321387,6,
2019,130341659,1,
2019,130338103,1,
2019,130339112,9,
2019,131317493,1,
2019,130328923,1,
2019,130340143,9,
2019,130342910,6,
2019,130338333,10,
2019,130335469,6,
2019,133020671,1,
2019,130337887,9,
2019,130334556,10,
2019,134756711,1,
2019,123882278,9,
2019,134756550,10,
2019,124609133,1,
2019,133737579,1,
2019,133003698,1,
2019,133003386,1,
2019,133013880,9,
2019,133020266,6,
2019,133020266,1,
2019,134769585,9,
2019,134757752,10,
2019,133735696,1,
2019,133735696,6,
2019,133023615,1,
2019,135122118,1,
2019,135116950,2,
2019,135119587,6,
2019,130339159,6,
2019,130336615,1,
2019,129149159,1,
2019,129144387,9,
2019,127188299,10,
2019,131320609,10,
2019,127189314,10,
2019,129148064,6,
2019,129148237,10,
2019,131320925,1,
2019,131319782,1,
2019,131312228,6,
2019,131312228,1,
2019,131312377,10,
2019,131319792,6,
2019,131302480,1,
2019,131302732,1,
2019,131314174,9,
2019,131310865,1,
2019,131311332,9,
2019,131314516,1,
2019,131309652,1,
2019,123883259,10,
2019,129140206,5,
2019,129144178,1,
2019,133023528,10,
2019,135122040,6,
2019,134756745,10,
2019,133018558,1,
2019,123888067,6,
2019,133006419,1,
2019,133014493,9,
2019,130340900,2,
2019,130329228,9,
2019,127180261,9,
2019,127181608,1,
2019,125499323,1,
2019,128274560,9,
2019,125495641,9,
2019,125495641,1,
2019,128271489,1,
2019,128272766,1,
2019,128274837,9,
2019,128271201,1,
2019,131297420,9,
2019,131297420,1,
2019,129132876,1,
2019,131313153,10,
2019,131315177,9,
2019,134768100,6,
2019,131310907,9,
2019,131321185,10,
2019,131311087,10,
2019,124609177,6,
2019,124593622,1,
2019,129143935,9,
2019,129144108,2,
2019,131318145,1,
2019,131302159,9,
2019,131321415,6,
2019,131322989,1,
2019,131320815,10,
2019,133011061,9,
2019,133023773,8,
2019,133025260,9,
2019,131314215,1,
2019,130338476,10,
2019,130338766,1,
2019,130335868,6,
2019,130302572,1,
2019,131324011,1,
2019,130342531,1,
2019,130339752,1,
2019,130338043,6,
2019,133020657,1,
2019,133020657,9,
2019,133015207,3,
2019,133018137,1,
2019,130333103,1,
2019,130333103,6,
2019,134770956,9,
2019,134768873,9,
2019,134760955,9,
2019,127184426,9,
2019,133016217,1,
2019,131328296,1,
2019,131314536,9,
2019,131313275,10,
2019,131302618,9,
2019,131302618,1,
2019,131316830,9,
2019,131313992,1,
2019,131311914,10,
2019,131317880,10,
2019,133021318,9,
2019,134765836,9,
2019,131312935,1,
2019,133002500,6,
2019,133027930,9,
2019,133025393,1,
2019,134763225,9,
2019,134757795,10,
2019,133017467,1,
2019,134778288,6,
2019,134778288,1,
2019,135115693,9,
2019,127188623,10,
2019,127181016,1,
2019,135120326,6,
2019,133022486,1,
2019,127189074,10,
2019,133008705,1,
2019,133018424,1,
2019,129143060,9,
2019,129132269,9,
2019,129142866,9,
2019,129143156,1,
2019,131310928,1,
2019,131320675,9,
2019,131323826,1,
2019,129150252,9,
2019,131302243,1,
2019,131310049,1,
2019,131321305,10,
2019,131308350,8,
2019,131309964,1,
2019,131309964,6,
2019,131310002,1,
2019,131310092,9,
2019,131320593,9,
2019,131324729,1,
2019,125496002,6,
2019,131311102,9,
2019,131311102,1,
2019,131319453,6,
2019,131302334,1,
2019,131328197,1,
2019,131312406,10,
2019,132977739,6,
2019,129144702,1,
2019,134765115,9,
2019,134766785,1,
2019,133000977,1,
2019,135117120,9,
2019,128274664,6,
2019,134767270,1,
2019,130342506,10,
2019,130334423,1,
2019,130335653,1,
2019,135485737,6,
2019,124608267,10,
2019,133024655,9,
2019,133024655,1,
2019,133021838,1,
2019,132999809,10,
2019,123706080,1,
2019,125499720,10,
2019,128275113,1,
2019,125504256,9,
2019,125499366,10,
2019,131314473,1,
2019,131315192,1,
2019,128271464,1,
2019,131319649,6,
2019,128274747,6,
2019,125494470,1,
2019,125503244,1,
2019,124594204,10,
2019,129140769,8,
2019,129140940,9,
2019,129149240,6,
2019,129149240,1,
2019,129149555,1,
2019,125499384,9,
2019,125504733,9,
2019,131327992,9,
2019,131313346,1,
2019,131320638,1,
2019,131320651,1,
2019,133000253,9,
2019,133007547,1,
2019,133001356,1,
2019,133024097,1,
2019,131310142,1,
2019,130302749,6,
2019,130340628,10,
2019,130333743,10,
2019,130342729,1,
2019,130344041,1,
2019,130344041,9,
2019,130337336,1,
2019,130338078,2,
2019,130336595,3,
2019,130337818,1,
2019,134766701,1,
2019,134767920,10,
2019,134770709,10,
2019,134757780,10,
2019,134756624,1,
2019,131328437,1,
2019,131319262,6,
2019,131314315,1,
2019,130338321,9,
2019,133010357,1,
2019,133005229,10,
2019,134765377,6,
2019,134765625,1,
2019,133024839,1,
2019,133025551,9,
2019,133734344,9,
2019,134766028,1,
2019,134761178,9,
2019,133732215,6,
2019,133023614,1,
2019,133016174,6,
2019,134823479,9,
2019,134778064,1,
2019,134778160,9,
2019,134765550,10,
2019,135112651,9,
2019,130335794,1,
2019,133007267,1,
2019,133028701,9,
2019,125494349,1,
2019,125495118,1,
2019,129140444,10,
2019,129141766,10,
2019,127181488,10,
2019,129141477,1,
2019,131317447,1,
2019,129141465,6,
2019,129145270,1,
2019,131302755,1,
2019,131314849,1,
2019,123894157,1,
2019,125503616,9,
2019,125495309,9,
2019,125495309,1,
2019,131313756,1,
2019,131315916,1,
2019,131328051,1,
2019,131297895,9,
2019,131310536,1,
2019,131323928,6,
2019,131312069,1,
2019,129140207,5,
2019,127184584,1,
2019,133023005,10,
2019,134757302,9,
2019,124598459,1,
2019,135121610,10,
2019,134773548,1,
2019,134773705,9,
2019,130333300,9,
2019,135485887,10,
2019,130333868,1,
2019,131311093,9,
2019,131323117,10,
2019,127180995,1,
2019,127181481,9,
2019,129153079,2,
2019,128270697,10,
2019,128275168,6,
2019,128273305,10,
2019,125495147,9,
2019,128272876,1,
2019,125494737,9,
2019,125504381,1,
2019,128273523,10,
2019,131309505,1,
2019,129132475,1,
2019,128274139,1,
2019,131322981,9,
2019,123884840,1,
2019,125494794,10,
2019,124594324,1,
2019,133726769,1,
2019,129140771,9,
2019,125499199,9,
2019,131320087,1,
2019,131320087,9,
2019,131310034,6,
2019,131310034,1,
2019,131302305,1,
2019,131302528,9,
2019,131318291,9,
2019,131319641,6,
2019,131319641,1,
2019,131319934,10,
2019,131323181,6,
2019,133007206,9,
2019,133007048,9,
2019,133017790,1,
2019,131302196,2,
2019,130328794,10,
2019,130338049,6,
2019,130342130,1,
2019,130342540,1,
2019,130339150,1,
2019,130339279,8,
2019,130339280,6,
2019,130336799,1,
2019,134766720,1,
2019,134771038,10,
2019,134761567,1,
2019,134761567,9,
2019,134771068,1,
2019,134771103,9,
2019,134771106,1,
2019,134767927,6,
2019,134767929,6,
2019,128275230,9,
2019,131309455,2,
2019,131320480,10,
2019,131313629,1,
2019,131314540,1,
2019,131328443,1,
2019,131311076,6,
2019,131318008,1,
2019,131318008,9,
2019,131320560,10,
2019,133732131,9,
2019,130339291,2,
2019,133021306,1,
2019,133021306,6,
2019,133014029,6,
2019,135112140,6,
2019,135112140,9,
2019,130336735,1,
2019,130342126,6,
2019,133025126,10,
2019,133025755,1,
2019,127180251,10,
2019,125494672,10,
2019,129148367,9,
2019,129148628,8,
2019,129141769,10,
2019,131297832,1,
2019,131309486,1,
2019,131302581,9,
2019,129150792,1,
2019,131302443,1,
2019,131323567,10,
2019,131313504,10,
2019,131310767,1,
2019,131324181,9,
2019,131324181,1,
2019,129150030,10,
2019,133011690,9,
2019,133736763,9,
2019,135122723,3,
2019,133000888,9,
2019,133016863,4,
2019,123887126,9,
2019,134757167,1,
2019,133017731,9,
2019,127188193,10,
2019,125492803,1,
2019,128270550,2,
2019,125494916,10,
2019,128274923,9,
2019,125503008,10,
2019,125503061,6,
2019,125503457,9,
2019,128270808,1,
2019,128273801,6,
2019,128273801,1,
2019,131314031,1,
2019,127188257,3,
2019,131318376,1,
2019,131311072,1,
2019,131317445,1,
2019,129153098,1,
2019,125503029,1,
2019,129141343,1,
2019,129142631,9,
2019,129144390,1,
2019,125495622,1,
2019,131309282,1,
2019,131318238,1,
2019,131318464,2,
2019,131319819,10,
2019,131317819,6,
2019,133012100,1,
2019,133013091,9,
2019,133021583,10,
2019,130339144,1,
2019,130341141,1,
2019,130336175,1,
2019,130337385,1,
2019,130333546,10,
2019,130335240,8,
2019,127183616,10,
2019,134765228,1,
2019,130342099,1,
2019,124598428,9,
2019,124594028,9,
2019,127188762,9,
2019,131310225,1,
2019,131312937,1,
2019,133017971,1,
2019,133736338,9,
2019,133736339,9,
2019,133013014,10,
2019,133010248,1,
2019,133021970,10,
2019,133022035,1,
2019,133736947,10,
2019,134757585,1,
2019,133002847,1,
2019,133028688,1,
2019,127188739,9,
2019,133015893,10,
2019,133028282,9,
2019,125503407,1,
2019,125499589,1,
2019,129141174,10,
2019,129141160,10,
2019,129142867,9,
2019,131297859,10,
2019,131318313,1,
2019,129148671,9,
2019,129145254,10,
2019,125499686,9,
2019,131327965,9,
2019,131302233,10,
2019,131313755,1,
2019,131310511,6,
2019,131318250,9,
2019,125492760,10,
2019,131324228,1,
2019,131321042,9,
2019,131324311,9,
2019,131308443,9,
2019,131321037,1,
2019,131313672,10,
2019,131327945,9,
2019,123883257,10,
2019,133004550,6,
2019,134757687,1,
2019,135485935,8,
2019,135485935,1,
2019,123884898,3,
2019,123884052,1,
2019,123884957,9,
2019,132998876,6,
2019,132998876,1,
2019,125503494,10,
2019,125503314,1,
2019,125495336,9,
2019,125495915,9,
2019,128275031,1,
2019,128255821,6,
2019,124608418,1,
2019,123885054,9,
2019,129141709,10,
2019,129142637,6,
2019,129140831,6,
2019,129149589,6,
2019,125504080,10,
2019,125504761,6,
2019,125504761,1,
2019,131314620,9,
2019,131314620,1,
2019,131321049,1,
2019,133004439,1,
2019,133013234,9,
2019,130302527,1,
2019,133737411,1,
2019,124609150,9,
2019,131297855,1,
2019,131324336,2,
2019,131324615,1,
2019,131311996,10,
2019,131324435,9,
2019,131313774,1,
2019,131311556,6,
2019,133022641,9,
2019,133006820,10,
2019,130328795,10,
2019,133014094,1,
2019,133022043,1,
2019,133022043,3,
2019,133023960,6,
2019,133021221,1,
2019,133748065,9,
2019,133011970,1,
2019,133011020,10,
2019,135120456,6,
2019,124608285,1,
2019,125494978,9,
2019,125503253,1,
2019,125503287,9,
2019,123894347,1,
2019,123894347,9,
2019,129140805,1,
2019,127188298,10,
2019,129140271,6,
2019,125499330,10,
2019,131318331,10,
2019,131302294,1,
2019,131323553,1,
2019,131323798,1,
2019,131313605,9,
2019,131313994,1,
2019,131324021,1,
2019,131324237,1,
2019,123884136,4,
2019,131317942,1,
2019,129149527,1,
2019,134757410,9,
2019,134757410,3,
2019,133008293,9,
2019,133014189,1,
2019,135117287,9,
2019,134757887,1,
2019,131297422,10,
2019,130334528,10,
2019,133024909,1,
2019,123885266,1,
2019,124593562,1,
2019,133016888,9,
2019,133017545,1,
2019,133015817,1,
2019,133021011,1,
2019,130342216,1,
2019,130343148,2,
2019,125504112,6,
2019,127181680,9,
2019,125503009,10,
2019,128272456,1,
2019,129149874,1,
2019,131312535,1,
2019,131327916,9,
2019,131302627,1,
2019,124608361,1,
2019,124593842,10,
2019,131312478,1,
2019,131323388,10,
2019,123882942,1,
2019,129148812,6,
2019,129141341,1,
2019,131318614,9,
2019,131314397,6,
2019,131310857,1,
2019,133021833,1,
2019,133006314,1,
2019,131321347,6,
2019,131301750,9,
2019,130340085,1,
2019,130333860,1,
2019,130335308,1,
2019,130328982,1,
2019,133019606,10,
2019,123882295,1,
2019,134769533,1,
2019,130343149,2,
2019,134756791,9,
2019,134771390,1,
2019,134757788,1,
2019,131324438,1,
2019,131328127,1,
2019,131310525,10,
2019,131314270,1,
2019,131314623,1,
2019,133021373,1,
2019,133013003,1,
2019,133006496,9,
2019,133000718,1,
2019,134769934,10,
2019,133738301,10,
2019,134773083,9,
2019,133020384,1,
2019,133020384,6,
2019,133017815,9,
2019,134767652,9,
2019,133009555,1,
2019,133024584,6,
2019,133022738,1,
2019,131313353,1,
2019,131310479,1,
2019,127189251,1,
2019,129150410,9,
2019,129142301,9,
2019,129143424,6,
2019,131320525,6,
2019,131308374,1,
2019,131314020,9,
2019,131316553,10,
2019,131317551,1,
2019,131324758,1,
2019,131314494,1,
2019,131324285,9,
2019,131302799,1,
2019,131318033,1,
2019,131324651,6,
2019,131310707,9,
2019,131314625,1,
2019,131319967,9,
2019,129142832,1,
2019,134766002,1,
2019,134777947,9,
2019,127180348,10,
2019,133010351,9,
2019,133001005,1,
2019,124608749,9,
2019,134757686,1,
2019,134819569,1,
2019,130333450,1,
2019,133019261,1,
2019,134756967,1,
2019,130340976,9,
2019,130340976,1,
2019,128272642,10,
2019,128272693,1,
2019,128272973,9,
2019,128271788,10,
2019,128274080,9,
2019,131302389,1,
2019,131313388,10,
2019,127180479,10,
2019,128274212,10,
2019,131315461,1,
2019,128274832,9,
2019,124594492,1,
2019,131309258,1,
2019,123887497,6,
2019,123885018,9,
2019,125494780,1,
2019,129143309,9,
2019,129144188,1,
2019,133730357,10,
2019,133732325,1,
2019,129148309,1,
2019,125503192,10,
2019,125495229,10,
2019,131320942,1,
2019,131320876,9,
2019,131324041,6,
2019,131319048,9,
2019,133027909,9,
2019,133006313,1,
2019,130339412,10,
2019,131312791,6,
2019,133017909,3,
2019,134769236,1,
2019,134767113,1,
2019,127183622,1,
2019,135114389,1,
2019,134770899,6,
2019,130341335,9,
2019,123882702,1,
2019,134770614,10,
2019,123906828,9,
2019,131328432,10,
2019,131314300,1,
2019,131314242,1,
2019,133003333,1,
2019,133025445,9,
2019,133018175,9,
2019,133011170,9,
2019,134766131,6,
2019,133736981,1,
2019,133016173,6,
2019,133011018,10,
2019,135488464,1,
2019,135488519,1,
2019,130332991,1,
2019,130335131,1,
2019,133024819,9,
2019,133021623,9,
2019,125503004,10,
2019,125492841,10,
2019,125504428,2,
2019,129142266,1,
2019,129132683,10,
2019,129143352,9,
2019,131313576,9,
2019,131313576,6,
2019,131302309,1,
2019,127189250,1,
2019,129142303,9,
2019,125495281,9,
2019,131311353,1,
2019,125494475,6,
2019,131324839,9,
2019,131310208,9,
2019,131313606,9,
2019,131316492,9,
2019,131317161,1,
2019,125504627,6,
2019,131309232,10,
2019,131324679,1,
2019,131324264,9,
2019,132998864,9,
2019,133737109,10,
2019,133738963,10,
2019,135122320,1,
2019,134770636,9,
2019,134773828,9,
2019,134771247,9,
2019,130329459,9,
2019,124593469,1,
2019,130333451,1,
2019,130333574,1,
2019,133019421,6,
2019,123884487,9,
2019,133001626,10,
2019,134819634,9,
2019,131317100,1,
2019,128273662,1,
2019,125499365,1,
2019,128272284,10,
2019,128272038,9,
2019,131315178,9,
2019,128271153,9,
2019,131302622,1,
2019,134768875,9,
2019,134757319,6,
2019,129148987,10,
2019,131301764,6,
2019,131302497,1,
2019,131311067,1,
2019,131314563,1,
2019,133028228,10,
2019,133000446,1,
2019,133006754,9,
2019,133023292,1,
2019,131324199,1,
2019,130342521,10,
2019,131308841,1,
2019,129142364,1,
2019,130333069,2,
2019,133731984,6,
2019,131328474,1,
2019,131318211,1,
2019,131313932,1,
2019,131312009,10,
2019,133003067,10,
2019,134765787,9,
2019,133024825,1,
2019,133027929,9,
2019,133019125,10,
2019,133737693,1,
2019,134769907,10,
2019,133737804,10,
2019,135118391,1,
2019,135118124,1,
2019,128273796,9,
2019,133021619,9,
2019,127183579,1,
2019,133015154,9,
2019,127188192,8,
2019,125499082,10,
2019,125494670,10,
2019,131302232,9,
2019,131311862,1,
2019,125504246,1,
2019,125495458,6,
2019,131314477,1,
2019,131318647,10,
2019,129150255,9,
2019,131308382,9,
2019,131308655,6,
2019,131309324,2,
2019,131309912,9,
2019,131320549,1,
2019,131317212,10,
2019,131323299,9,
2019,125494172,10,
2019,131321294,6,
2019,131324045,10,
2019,123885155,1,
2019,133015653,6,
2019,128275018,9,
2019,124608002,1,
2019,133015285,9,
2019,123884818,9,
2019,133001146,9,
2019,133013421,1,
2019,130333611,9,
2019,131315299,9,
2019,127189038,1,
2019,125499851,1,
2019,128271802,3,
2019,128272295,1,
2019,131309692,1,
2019,128271264,9,
2019,131318082,9,
2019,131314379,9,
2019,131324288,1,
2019,128272085,10,
2019,124598247,10,
2019,134770911,9,
2019,130335617,6,
2019,130335739,10,
2019,134761813,1,
2019,134761813,6,
2019,125503075,10,
2019,125498856,10,
2019,131312926,9,
2019,131318392,1,
2019,131301454,1,
2019,131301743,10,
2019,131297610,10,
2019,133009996,9,
2019,133029066,1,
2019,131318186,9,
2019,131319710,6,
2019,124594104,1,
2019,134768788,10,
2019,134764269,10,
2019,134764280,1,
2019,134757786,1,
2019,124609123,9,
2019,124609132,1,
2019,124594421,10,
2019,131312913,1,
2019,131324705,9,
2019,130335679,9,
2019,133004237,1,
2019,131320989,1,
2019,133021638,1,
2019,133015592,9,
2019,130329433,9,
2019,133007189,9,
2019,133727470,9,
2019,133022037,1,
2019,134769906,10,
2019,133748313,6,
2019,133748313,1,
2019,133017143,6,
2019,133024048,1,
2019,127183723,6,
2019,127184038,10,
2019,135120704,6,
2019,130334246,6,
2019,130335561,1,
2019,130335561,6,
2019,133023486,9,
2019,133023486,1,
2019,133019185,9,
2019,133023714,1,
2019,133001675,1,
2019,127188195,9,
2019,123906668,9,
2019,127189110,1,
2019,131311009,1,
2019,131312976,1,
2019,129148092,8,
2019,131320166,1,
2019,131301590,1,
2019,131308837,9,
2019,131313470,9,
2019,131313954,1,
2019,131314674,6,
2019,131314674,1,
2019,131316847,6,
2019,131316847,1,
2019,131323893,9,
2019,131310133,1,
2019,131310569,1,
2019,131309551,1,
2019,131321168,1,
2019,131313483,1,
2019,131316271,9,
2019,127184585,1,
2019,133002227,1,
2019,134757301,1,
2019,124607934,1,
2019,134774043,10,
2019,124593358,10,
2019,123884067,1,
2019,133023532,6,
2019,133004226,6,
2019,123885985,1,
2019,123885317,1,
2019,123882866,1,
2019,133009347,1,
2019,133024411,9,
2019,133011955,1,
2019,133001313,9,
2019,131309704,1,
2019,127181623,10,
2019,125499674,1,
2019,125494869,9,
2019,125494662,9,
2019,125495167,10,
2019,128271308,10,
2019,128275081,1,
2019,128271928,10,
2019,129141241,10,
2019,129132895,6,
2019,128271192,1,
2019,134768688,1,
2019,131309956,9,
2019,124608664,1,
2019,130336783,1,
2019,133019517,9,
2019,134770415,9,
2019,133730353,9,
2019,131314109,1,
2019,131310935,1,
2019,133024096,1,
2019,131314216,1,
2019,131325186,6,
2019,130334990,1,
2019,130334990,6,
2019,124594293,10,
2019,125503451,1,
2019,125503451,9,
2019,129145051,6,
2019,123885220,1,
2019,134762683,9,
2019,134770149,1,
2019,131320599,1,
2019,131321181,6,
2019,130341296,6,
2019,130343341,1,
2019,133013096,10,
2019,133014846,1,
2019,133017582,9,
2019,131313853,10,
2019,131310470,9,
2019,131313311,9,
2019,131313311,1,
2019,131313173,10,
2019,131313582,1,
2019,131319146,1,
2019,131317505,6,
2019,134768668,6,
2019,133002590,10,
2019,133727124,10,
2019,133732541,1,
2019,135488463,1,
2019,135115573,6,
2019,135112368,9,
2019,133007629,1,
2019,133021621,9,
2019,125494539,6,
2019,129143193,1,
2019,131302318,9,
2019,131318100,9,
2019,131323261,1,
2019,129141220,9,
2019,129144497,9,
2019,131314859,9,
2019,131314421,1,
2019,131311233,1,
2019,131321154,10,
2019,125504718,6,
2019,125504718,1,
2019,131319579,8,
2019,131311668,10,
2019,131324328,1,
2019,129143159,10,
2019,134763090,9,
2019,127183566,1,
2019,135114560,10,
2019,123885214,1,
2019,133000847,9,
2019,123884131,1,
2019,125492755,1,
2019,128270634,10,
2019,128256062,10,
2019,129148245,6,
2019,129148718,8,
2019,128272667,9,
2019,128271779,10,
2019,131314093,1,
2019,131311313,9,
2019,128274734,10,
2019,133025277,6,
2019,133025334,9,
2019,134757021,6,
2019,134757021,1,
2019,133738719,1,
2019,129143196,1,
2019,129140997,1,
2019,133003078,10,
2019,131301557,10,
2019,131309530,9,
2019,133009934,1,
2019,130333043,10,
2019,130302667,6,
2019,124593449,9,
2019,124608821,1,
2019,134770494,1,
2019,123883943,6,
2019,134768084,6,
2019,124598444,9,
2019,124608642,10,
2019,130302499,10,
2019,130340097,10,
2019,130342627,1,
2019,128272099,9,
2019,131323294,1,
2019,131302651,10,
2019,133023403,1,
2019,133006817,9,
2019,133736872,9,
2019,134764972,9,
2019,131302224,1,
2019,133738155,1,
2019,134764272,1,
2019,133737866,9,
2019,133737868,9,
2019,135488491,9,
2019,124598795,10,
2019,133013295,10,
2019,127189025,10,
2019,133014017,1,
2019,125494770,8,
2019,129140432,1,
2019,131302768,10,
2019,129141231,10,
2019,129150759,1,
2019,125499887,9,
2019,133731888,1,
2019,131319609,9,
2019,125503126,9,
2019,131313528,10,
2019,131309229,10,
2019,123888109,1,
2019,129141019,1,
2019,133004142,9,
2019,133000626,10,
2019,135115625,6,
2019,124594092,10,
2019,134773723,1,
2019,134768683,1,
2019,130341163,6,
2019,130336392,6,
2019,133017585,9,
2019,133004534,9,
2019,131297469,10,
2019,128275006,2,
2019,128270621,6,
2019,131297552,10,
2019,128274959,1,
2019,128272317,9,
2019,128274833,9,
2019,130334071,6,
2019,123906793,1,
2019,131301426,1,
2019,131318407,9,
2019,131318407,1,
2019,131302621,1,
2019,131313535,1,
2019,131314132,1,
2019,131302333,10,
2019,131318380,1,
2019,131315887,9,
2019,131315892,9,
2019,133021278,1,
2019,133011963,1,
2019,133015289,10,
2019,130339019,1,
2019,123884650,1,
2019,125494467,1,
2019,124593450,9,
2019,134761430,9,
2019,134765725,6,
2019,131323028,9,
2019,130329137,1,
2019,130338307,10,
2019,130343558,1,
2019,133012939,9,
2019,133024116,2,
2019,131309859,6,
2019,131316905,1,
2019,131318323,6,
2019,131318323,1,
2019,133020485,9,
2019,131309855,9,
2019,131314345,1,
2019,134765745,6,
2019,133021501,1,
2019,134769905,10,
2019,133737767,1,
2019,130334160,1,
2019,133028266,9,
2019,127189075,10,
2019,125503704,1,
2019,129150106,9,
2019,131323400,1,
2019,125504164,9,
2019,131318766,1,
2019,131319162,1,
2019,123884074,1,
2019,129132398,9,
2019,131302244,1,
2019,131325294,9,
2019,131309339,1,
2019,131317521,6,
2019,131302137,9,
2019,131316071,1,
2019,127181364,1,
2019,133006764,6,
2019,124598815,9,
2019,128274206,1,
2019,134757653,1,
2019,130347903,1,
2019,133024719,1,
2019,133024719,9,
2019,132999428,6,
2019,133010691,1,
2019,133000925,6,
2019,128271675,9,
2019,128271974,10,
2019,128271082,6,
2019,131317096,6,
2019,131328181,9,
2019,133025773,1,
2019,134762651,6,
2019,134757183,6,
2019,130337712,1,
2019,130337712,3,
2019,133730813,6,
2019,129143921,9,
2019,125494576,10,
2019,131313232,10,
2019,131309327,9,
2019,131302124,1,
2019,131310386,1,
2019,133017237,6,
2019,133017666,1,
2019,131310580,1,
2019,131324219,1,
2019,124598487,1,
2019,123887080,10,
2019,131319570,10,
2019,130339430,9,
2019,130329136,1,
2019,130302801,1,
2019,130334078,6,
2019,133007372,10,
2019,131313177,1,
2019,131313177,6,
2019,131310849,9,
2019,131316950,6,
2019,131316950,1,
2019,131324161,1,
2019,131310587,1,
2019,131314681,1,
2019,131319635,1,
2019,131314944,1,
2019,131320467,6,
2019,133016828,1,
2019,133016501,4,
2019,124598357,1,
2019,127183710,1,
2019,135120325,6,
2019,135122403,1,
2019,130333372,6,
2019,130334416,9,
2019,133012377,1,
2019,133001990,10,
2019,125503137,1,
2019,125499211,10,
2019,129148198,6,
2019,129149679,1,
2019,129140637,1,
2019,129141549,2,
2019,125499540,10,
2019,131302520,1,
2019,129141068,9,
2019,129148250,1,
2019,129149307,1,
2019,125498649,1,
2019,131320434,9,
2019,129143118,10,
2019,129145278,10,
2019,125495288,9,
2019,131308702,1,
2019,131310643,9,
2019,131310643,1,
2019,131315474,1,
2019,133012699,1,
2019,130333477,1,
2019,123885614,1,
2019,124598939,1,
2019,128275046,1,
2019,128272230,10,
2019,128272280,1,
2019,128275029,1,
2019,131311017,9,
2019,134768866,9,
2019,128270880,1,
2019,131316708,9,
2019,128271166,9,
2019,130336677,9,
2019,134766854,9,
2019,130340973,10,
2019,131310927,1,
2019,131316908,1,
2019,131297721,9,
2019,131318362,1,
2019,131314935,1,
2019,131328276,10,
2019,131318575,1,
2019,133017769,10,
2019,133010984,1,
2019,133017073,9,
2019,130336945,6,
2019,124608977,1,
2019,124608977,6,
2019,124598474,1,
2019,134757395,1,
2019,124609121,10,
2019,130338151,1,
2019,130335525,10,
2019,133003952,6,
2019,131314297,9,
2019,131314297,1,
2019,131320403,1,
2019,131313122,10,
2019,131313448,1,
2019,131328241,1,
2019,131302619,9,
2019,131302619,1,
2019,131314110,10,
2019,131316085,10,
2019,133008893,1,
2019,133019126,9,
2019,133018471,1,
2019,133024673,9,
2019,133019947,9,
2019,133028563,1,
2019,133736347,9,
2019,133737697,1,
2019,134767573,10,
2019,134768906,1,
2019,134757754,10,
2019,133024979,1,
2019,133024979,6,
2019,133024476,9,
2019,135112407,9,
2019,135118390,1,
2019,135121478,10,
2019,129142864,9,
2019,127180427,1,
2019,131302878,10,
2019,131318332,1,
2019,129144368,1,
2019,125503159,9,
2019,131308383,9,
2019,131323395,10,
2019,131318057,1,
2019,131309643,1,
2019,131324538,1,
2019,129141809,1,
2019,133019705,9,
2019,127184162,10,
2019,123883980,1,
2019,133012944,9,
2019,133001358,9,
2019,128255780,9,
2019,124608768,1,
2019,127180197,10,
2019,125494544,1,
2019,128271043,9,
2019,125495476,1,
2019,129148624,8,
2019,128271419,2,
2019,128272915,2,
2019,131309737,10,
2019,131319839,1,
2019,128274899,6,
2019,131320846,1,
2019,133017786,1,
2019,130336625,1,
2019,130340715,9,
2019,123903255,10,
2019,134762037,1,
2019,134768802,6,
2019,123887512,9,
2019,133727362,1,
2019,134766798,9,
2019,134771079,1,
2019,129132160,9,
2019,129149087,1,
2019,131301404,1,
2019,133011569,9,
2019,133019080,9,
2019,130333672,10,
2019,130338483,10,
2019,130340326,6,
2019,130339413,10,
2019,127188271,1,
2019,131312787,6,
2019,131328185,9,
2019,130340806,1,
2019,130302745,1,
2019,130334372,1,
2019,133012647,6,
2019,133732138,1,
2019,131312673,6,
2019,131302410,1,
2019,131314503,1,
2019,131320764,6,
2019,131313307,9,
2019,131313307,1,
2019,131302495,9,
2019,131315796,1,
2019,133726287,10,
2019,134765955,1,
2019,134757758,2,
2019,133004822,1,
2019,134767528,10,
2019,133736277,9,
2019,133737864,9,
2019,133747941,10,
2019,135119035,1,
2019,127184523,1,
2019,135112141,6,
2019,130334571,9,
2019,130335455,9,
2019,133025037,1,
2019,133022487,1,
2019,133028853,1,
2019,127189024,10,
2019,127189116,6,
2019,127189415,2,
2019,133025421,1,
2019,125494999,8,
2019,125503604,1,
2019,129132684,10,
2019,125494157,10,
2019,125499129,10,
2019,127188297,10,
2019,131309549,10,
2019,129141051,1,
2019,131313057,10,
2019,131319858,1,
2019,131320977,1,
2019,131313757,1,
2019,131319591,1,
2019,131321139,10,
2019,131309605,9,
2019,131318002,9,
2019,131318002,1,
2019,131320890,1,
2019,123884796,9,
2019,129150563,2,
2019,134764540,2,
2019,134765060,1,
2019,127180349,10,
2019,133008292,9,
2019,134769580,1,
2019,134769992,10,
2019,130335882,9,
2019,133736704,1,
2019,133017087,9,
2019,123888141,1,
2019,133023094,9,
2019,133001355,9,
2019,131311537,10,
2019,134764055,10,
2019,131302467,1,
2019,131302467,9,
2019,131317636,10,
2019,131324513,1,
2019,128270877,1,
2019,131314369,1,
2019,124608003,1,
2019,124593847,9,
2019,123884154,8,
2019,124599004,9,
2019,129132136,9,
2019,129141238,1,
2019,125494409,10,
2019,131297852,9,
2019,131309587,1,
2019,133009936,1,
2019,133014064,9,
2019,133017401,9,
2019,123885020,9,
2019,134762440,1,
2019,134768249,1,
2019,134770433,9,
2019,134770538,5,
2019,123884775,9,
2019,134769246,6,
2019,130302509,6,
2019,131309340,1,
2019,131320986,1,
2019,130340989,1,
2019,130336533,1,
2019,130338306,10,
2019,130338932,1,
2019,124608901,10,
2019,131313703,1,
2019,131313607,1,
2019,131323269,10,
2019,133028997,9,
2019,133021414,10,
2019,133735065,1,
2019,134769940,10,
2019,133748347,10,
2019,133014602,1,
2019,134757370,9,
2019,128255756,8,
2019,127183705,10,
2019,135118393,1,
2019,130340862,9,
2019,130341045,9,
2019,130340718,1,
2019,130336669,10,
2019,124599052,9,
2019,125494674,10,
2019,133024560,1,
2019,125494986,9,
2019,127188293,10,
2019,127188289,10,
2019,129141300,5,
2019,129141300,1,
2019,131312848,1,
2019,131312848,6,
2019,131323457,1,
2019,125498899,1,
2019,131308836,9,
2019,131311463,9,
2019,131311464,9,
2019,131316895,3,
2019,125494173,10,
2019,131301994,9,
2019,131309642,1,
2019,131310192,1,
2019,129147964,2,
2019,133006961,1,
2019,134774011,10,
2019,133016737,9,
2019,124609040,1,
2019,124609040,9,
2019,123887479,1,
2019,133006327,9,
2019,133006327,1,
2019,123884059,1,
2019,133025298,2,
2019,130338077,2,
2019,130334510,10,
2019,130342486,1,
2019,131313931,10,
2019,125494356,1,
2019,128271780,9,
2019,128275167,9,
2019,125499362,10,
2019,129140506,9,
2019,131310644,1,
2019,131315193,1,
2019,131319811,10,
2019,128270972,10,
2019,128271304,1,
2019,128271519,9,
2019,131313314,1,
2019,131311256,1,
2019,124593570,1,
2019,129143432,6,
2019,131313944,1,
2019,131321434,1,
2019,131321434,6,
2019,131323179,6,
2019,134766971,9,
2019,134773326,10,
2019,130340300,1,
2019,130339426,1,
2019,130342532,10,
2019,130328897,1,
2019,133012936,10,
2019,124598517,1,
2019,131317218,6,
2019,131315973,10,
2019,131313819,1,
2019,131312222,6,
2019,133007516,9,
2019,133013871,1,
2019,133727510,1,
2019,133015763,8,
2019,133015763,1,
2019,133734330,9,
2019,133009357,1,
2019,133009357,9,
2019,134778299,6,
2019,134773184,1,
2019,135488440,9,
2019,135486054,1,
2019,130336807,1,
2019,133013567,9,
2019,127180993,10,
2019,127184515,1,
2019,125502926,1,
2019,125503526,9,
2019,129143008,10,
2019,129143095,1,
2019,131301850,6,
2019,131313686,1,
2019,131313686,9,
2019,129145300,1,
2019,131309786,10,
2019,131318409,9,
2019,131314188,1,
2019,131324994,10,
2019,131319063,1,
2019,131317676,1,
2019,131323690,9,
2019,131324284,9,
2019,131309570,1,
2019,131324452,1,
2019,131324800,1,
2019,131317656,6,
2019,123887553,6,
2019,127184483,1,
2019,134774042,10,
2019,124608296,1,
2019,135485828,9,
2019,133019422,1,
2019,133011004,6,
2019,134760973,1,
2019,134760973,6,
2019,133018026,1,
2019,130339385,10,
2019,130339397,1,
2019,127184052,1,
2019,131322937,8,
2019,127180196,10,
2019,127181679,9,
2019,123903246,9,
2019,125499146,1,
2019,128274327,9,
2019,131318135,1,
2019,131315194,1,
2019,131311922,10,
2019,127180516,6,
2019,128272696,9,
2019,131312945,1,
2019,124593636,1,
2019,124594436,9,
2019,125495002,9,
2019,129142372,6,
2019,124608837,1,
2019,133738735,9,
2019,133005477,6,
2019,131309768,9,
2019,134761670,1,
2019,130337683,1,
2019,130336842,1,
2019,134769630,1,
2019,134761360,6,
2019,134767928,6,
2019,130338238,10,
2019,130341471,9,
2019,130336918,1,
2019,130329221,1,
2019,130343152,9,
2019,133010146,1,
2019,131313947,1,
2019,131313018,1,
2019,131309959,6,
2019,131320509,1,
2019,133020706,10,
2019,133732128,9,
2019,133000845,1,
2019,131309622,1,
2019,134767603,10,
2019,133737867,9,
2019,133747930,9,
2019,134756856,1,
2019,127188239,1,
2019,130337024,6,
2019,133015417,1,
2019,133020043,6,
2019,133028646,10,
2019,133028663,1,
2019,133015153,9,
2019,133021688,9,
2019,125499069,6,
2019,129149258,9,
2019,129132500,1,
2019,129149969,1,
2019,131302869,1,
2019,129132133,6,
2019,131315959,10,
2019,123903237,6,
2019,123903237,1,
2019,129141348,1,
2019,129141882,1,
2019,131309299,1,
2019,123885931,1,
2019,125494729,8,
2019,131310955,1,
2019,131309496,1,
2019,131314167,9,
2019,131309231,10,
2019,131316347,1,
2019,129140205,5,
2019,129142972,5,
2019,135123016,6,
2019,135121937,1,
2019,124593946,10,
2019,123706076,1,
2019,130335188,1,
2019,132998426,3,
2019,133008858,1,
2019,133002424,9,
2019,133016750,1,
2019,133016750,9,
2019,131313650,1,
2019,131311260,1,
2019,131312802,6,
2019,129153183,1,
2019,128272169,1,
2019,128272169,6,
2019,131297410,2,
2019,131297421,1,
2019,131297421,9,
2019,131302876,1,
2019,128273393,1,
2019,127180824,1,
2019,131314766,10,
2019,128271807,9,
2019,124608240,10,
2019,124593569,1,
2019,123887082,8,
2019,124593815,1,
2019,124593758,1,
2019,129140939,10,
2019,129142035,9,
2019,125504397,10,
2019,131301501,1,
2019,131324866,9,
2019,133738767,1,
2019,133014385,1,
2019,134769238,1,
2019,130337191,3,
2019,134768854,9,
2019,130338047,1,
2019,130302695,1,
2019,130340484,9,
2019,130329327,6,
2019,133010541,9,
2019,131309386,10,
2019,131328355,10,
2019,131328384,1,
2019,131314450,1,
2019,131319388,1,
2019,131311806,10,
2019,133025189,6,
2019,133029023,10,
2019,133738786,1,
2019,133737894,1,
2019,133748168,10,
2019,134766850,1,
2019,134770091,1,
2019,123894541,1,
2019,135120543,9,
2019,135112667,1,
2019,130333349,6,
2019,130334024,1,
2019,133020250,1,
2019,133020250,9,
2019,133020888,1,
2019,133020888,8,
2019,133012526,2,
2019,127188252,1,
2019,125502928,1,
2019,133016768,9,
2019,133016768,1,
2019,125503788,10,
2019,129143979,1,
2019,129148847,10,
2019,129141517,10,
2019,129140328,10,
2019,129148806,1,
2019,131309488,1,
2019,129142074,10,
2019,131309460,1,
2019,131310175,10,
2019,131318138,1,
2019,131311707,1,
2019,131314439,1,
2019,131309360,1,
2019,131297885,9,
2019,131320611,1,
2019,133011691,9,
2019,133002405,10,
2019,124608379,1,
2019,128273869,1,
2019,124598485,10,
2019,133010752,1,
2019,123891163,1,
2019,133025278,9,
2019,127181230,10,
2019,128255939,1,
2019,125494936,1,
2019,128270949,1,
2019,131309507,1,
2019,129140505,9,
2019,128273471,10,
2019,131317272,10,
2019,131317694,6,
2019,128271650,1,
2019,128273104,1,
2019,124608101,1,
2019,131302461,1,
2019,124594128,9,
2019,124608465,6,
2019,129143922,9,
2019,125504734,9,
2019,131312197,6,
2019,133012244,10,
2019,133013490,9,
2019,133028160,6,
2019,131313188,1,
2019,130340105,1,
2019,130340105,6,
2019,134771042,10,
2019,134771190,9,
2019,123891165,1,
2019,134757781,10,
2019,134770611,9,
2019,134769455,1,
2019,130335959,1,
2019,130333525,1,
2019,130338111,10,
2019,130338183,1,
2019,130333689,1,
2019,131302812,9,
2019,131314448,6,
2019,131310147,9,
2019,133020708,10,
2019,130337390,9,
2019,130343086,10,
2019,130343088,10,
2019,133009201,10,
2019,131302350,1,
2019,133018448,10,
2019,133731240,9,
2019,134767815,9,
2019,133011263,1,
2019,134764061,10,
2019,134778015,6,
2019,135115565,2,
2019,135122060,1,
2019,135112666,1,
2019,133014510,9,
2019,133025326,9,
2019,133010895,6,
2019,133010895,1,
2019,127188203,10,
2019,133006939,9,
2019,129148418,6,
2019,131318555,6,
2019,127189261,9,
2019,129141729,10,
2019,129149281,1,
2019,131302129,1,
2019,131313549,1,
2019,131310499,1,
2019,131311382,9,
2019,131317677,1,
2019,131309696,6,
2019,131310129,1,
2019,131320931,1,
2019,131324283,9,
2019,131312840,9,
2019,131328179,1,
2019,131328215,1,
2019,131328215,9,
2019,134757809,9,
2019,133727323,9,
2019,135120670,6,
2019,135117235,3,
2019,135114084,10,
2019,135115555,9,
2019,128255832,1,
2019,134773857,10,
2019,130334422,10,
2019,124593795,9,
2019,123884714,1,
2019,133023951,9,
2019,123885358,1,
2019,133016295,9,
2019,133019788,6,
2019,130341824,2,
2019,133022292,10,
2019,130338959,1,
2019,130343369,10,
2019,124593182,1,
2019,128272695,1,
2019,125498894,1,
2019,128270780,9,
2019,131319832,1,
2019,131314770,10,
2019,123887590,1,
2019,125499111,10,
2019,131309647,9,
2019,131320788,1,
2019,131328207,1,
2019,133005326,10,
2019,133017664,1,
2019,133021300,1,
2019,133021582,10,
2019,132999720,10,
2019,134773307,10,
2019,130337682,10,
2019,134768940,9,
2019,134762107,9,
2019,134757787,1,
2019,130342814,1,
2019,131301755,10,
2019,131324764,9,
2019,131313701,1,
2019,131320404,1,
2019,131312949,1,
2019,131309984,1,
2019,131313972,9,
2019,131310665,1,
2019,131313751,1,
2019,131315795,1,
2019,133008892,1,
2019,132999282,1,
2019,133732129,9,
2019,130342754,9,
2019,131309620,1,
2019,134767608,10,
2019,133012499,9,
2019,134778535,10,
2019,124593737,1,
2019,127183631,1,
2019,127184525,1,
2019,135120391,9,
2019,135120722,6,
2019,130333370,6,
2019,130337026,6,
2019,133002085,1,
2019,133016731,6,
2019,133027987,10,
2019,132977654,2,
2019,125494667,10,
2019,131301950,1,
2019,129142679,1,
2019,129141917,1,
2019,129144544,2,
2019,129152970,1,
2019,129150016,10,
2019,123894392,10,
2019,129143781,1,
2019,129149471,1,
2019,129144819,6,
2019,129153006,9,
2019,125499855,6,
2019,131302158,2,
2019,131302166,1,
2019,131313441,9,
2019,131311756,10,
2019,131314556,1,
2019,131319348,1,
2019,131321159,6,
2019,131297743,1,
2019,131319745,10,
2019,131312816,1,
2019,131323541,1,
2019,134766004,1,
2019,133023865,9,
2019,133024619,1,
2019,128274856,10,
2019,134773419,10,
2019,123705985,9,
2019,123887515,1,
2019,123887284,9,
2019,123882589,6,
2019,133019322,1,
2019,130343257,9,
2019,127188899,1,
2019,125503501,9,
2019,125504311,1,
2019,128272765,1,
2019,128272096,1,
2019,129141544,6,
2019,129152997,1,
2019,128273173,9,
2019,131319334,10,
2019,128274834,9,
2019,124608496,9,
2019,124594379,1,
2019,124609164,9,
2019,131308800,1,
2019,131323531,1,
2019,131318345,10,
2019,131314476,9,
2019,131314476,1,
2019,131301736,1,
2019,131318175,1,
2019,131320512,1,
2019,131302306,1,
2019,134757023,1,
2019,134771078,1,
2019,134761300,10,
2019,134769550,9,
2019,130338843,6,
2019,130343944,1,
2019,130333503,6,
2019,130337219,1,
2019,124598874,6,
2019,131317440,1,
2019,131328274,9,
2019,131302617,1,
2019,131302617,9,
2019,133028502,6,
2019,131309982,1,
2019,130302514,1,
2019,133004892,10,
2019,133001657,1,
2019,133736946,10,
2019,133737694,1,
2019,135121808,1,
2019,135118906,9,
2019,135120324,6,
2019,130341304,1,
2019,133025517,9,
2019,133021616,9,
2019,133022739,10,
2019,129140456,9,
2019,129143318,10,
2019,129150108,10,
2019,125503884,10,
2019,127184364,9,
2019,127189223,9,
2019,129150619,1,
2019,129142526,10,
2019,129150253,9,
2019,131320649,9,
2019,134773383,10,
2019,124593364,9,
2019,133003855,9,
2019,133011899,9,
2019,123884492,9,
2019,123885225,1,
2019,130338079,2,
2019,130333918,1,
2019,130333199,6,
2019,127184191,8,
2019,127180194,10,
2019,128272268,10,
2019,128272665,9,
2019,131301824,1,
2019,131314033,1,
2019,128273175,9,
2019,131315678,9,
2019,124608005,9,
2019,125498482,9,
2019,125503252,2,
2019,131308636,1,
2019,131309529,9,
2019,131322943,9,
2019,124608220,1,
2019,133001054,1,
2019,133024053,1,
2019,131324824,1,
2019,127188142,1,
2019,134757022,1,
2019,134757236,9,
2019,134773178,9,
2019,130336543,1,
2019,134770713,1,
2019,134769456,1,
2019,127183918,9,
2019,124609122,10,
2019,130333528,9,
2019,130333674,10,
2019,130333675,10,
2019,130343578,6,
2019,130340623,1,
2019,130334533,10,
2019,130342948,9,
2019,131297781,9,
2019,130339436,1,
2019,131309898,1,
2019,131316934,6,
2019,131310060,9,
2019,133024089,10,
2019,131313044,9,
2019,131323951,1,
2019,133024113,1,
2019,133025480,9,
2019,133025320,9,
2019,133737879,3,
2019,134765212,1,
2019,135120307,9,
2019,133017486,10,
2019,133020890,9,
2019,133020890,1,
2019,133021622,9,
2019,125503773,10,
2019,129150426,1,
2019,129143716,9,
2019,131297873,1,
2019,131311784,9,
2019,131320428,9,
2019,131319164,1,
2019,129132378,9,
2019,125499689,9,
2019,131312078,1,
2019,131312342,10,
2019,131323554,9,
2019,131324482,9,
2019,131309582,1,
2019,131302494,1,
2019,131302739,1,
2019,131325253,10,
2019,131317904,9,
2019,131317904,1,
2019,131321220,1,
2019,131309154,1,
2019,131302418,9,
2019,131310081,1,
2019,131310081,9,
2019,131324704,1,
2019,131318255,10,
2019,129150390,9,
2019,127181363,1,
2019,133004232,10,
2019,131302600,9,
2019,131313635,1,
2019,131314604,1,
2019,127181204,1,
2019,123885202,1,
2019,124593895,9,
2019,133021613,9,
2019,133021613,6,
2019,133000749,6,
2019,123887756,1,
2019,127180621,9,
2019,130334621,10,
2019,134773483,9,
2019,134770900,6,
2019,128270971,1,
2019,129148088,9,
2019,131313313,9,
2019,131323978,9,
2019,128273915,1,
2019,125499151,1,
2019,124593870,6,
2019,124593870,1,
2019,124594154,9,
2019,131302560,10,
2019,131313282,1,
2019,131314344,1,
2019,133012285,1,
2019,131310565,9,
2019,130338107,1,
2019,130333009,1,
2019,130302666,6,
2019,130339161,9,
2019,131320207,6,
2019,130342633,9,
2019,135120419,6,
2019,133726514,2,
2019,133727171,10,
2019,134768745,1,
2019,134769707,1,
2019,130343768,1,
2019,130338720,9,
2019,130333919,9,
2019,130339000,10,
2019,132977741,6,
2019,131313179,6,
2019,131313179,1,
2019,131312251,1,
2019,133736756,10,
2019,132999838,6,
2019,133734656,9,
2019,133738242,6,
2019,134766904,9,
2019,133735363,1,
2019,133735363,9,
2019,133016597,9,
2019,135120503,9,
2019,135112326,1,
2019,133012166,6,
2019,133028264,9,
2019,133011576,9,
2019,127188844,6,
2019,125503634,1,
2019,125494355,6,
2019,125494673,10,
2019,125503689,10,
2019,129149943,1,
2019,129148807,1,
2019,129140537,10,
2019,127189481,9,
2019,129148670,9,
2019,131313069,10,
2019,131316953,1,
2019,131316953,9,
2019,125498945,9,
2019,125495474,1,
2019,131319503,1,
2019,131309472,1,
2019,131313409,1,
2019,131313409,9,
2019,131310700,1,
2019,131314889,9,
2019,131302891,9,
2019,131317905,9,
2019,131317905,1,
2019,131324281,9,
2019,131324519,1,
2019,131310615,6,
2019,131310615,1,
2019,131311048,9,
2019,127184297,10,
2019,135114848,1,
2019,135115980,6,
2019,134756884,9,
2019,131301575,10,
2019,131315903,1,
2019,127180198,10,
2019,127180352,1,
2019,132998800,9,
2019,133020540,9,
2019,123882281,9,
2019,123884137,10,
2019,124594160,10,
2019,123894529,1,
2019,134770898,6,
2019,128270654,1,
2019,125494210,9,
2019,128270969,10,
2019,125499196,9,
2019,131317168,8,
2019,128271518,9,
2019,131314146,9,
2019,131314146,1,
2019,128274748,6,
2019,124593455,9,
2019,124598716,10,
2019,131311002,1,
2019,131315890,9,
2019,131312750,1,
2019,125502969,10,
2019,133006244,10,
2019,133012793,10,
2019,133016110,9,
2019,133020850,1,
2019,133021636,6,
2019,131309303,6,
2019,131324826,1,
2019,130339384,10,
2019,130338117,6,
2019,131320023,9,
2019,130340629,10,
2019,130329051,10,
2019,130342047,1,
2019,130333396,2,
2019,130336482,1,
2019,133013839,1,
2019,134769191,1,
2019,134768874,9,
2019,123887699,1,
2019,123886058,9,
2019,130338969,1,
2019,130329205,1,
2019,130329205,9,
2019,130302836,10,
2019,130339321,10,
2019,133007692,9,
2019,131309961,1,
2019,131317470,1,
2019,133736337,10,
2019,130343089,10,
2019,133020394,6,
2019,133016149,10,
2019,134765933,10,
2019,133735440,1,
2019,133003431,1,
2019,132999904,1,
2019,133011019,10,
2019,133014641,9,
2019,134765549,6,
2019,127189079,10,
2019,125498846,10,
2019,129142865,9,
2019,129143519,1,
2019,127188294,10,
2019,131309076,1,
2019,131318216,9,
2019,131328210,1,
2019,131325084,1,
2019,131312901,10,
2019,131328158,1,
2019,125495420,8,
2019,131310460,1,
2019,133003770,10,
2019,135120073,9,
2019,128255792,1,
2019,130335591,6,
2019,123882665,1,
2019,130334696,6,
2019,130334696,1,
2019,133015772,1,
2019,130334259,6,
2019,125495080,10,
2019,128271786,10,
2019,128273424,1,
2019,131297546,6,
2019,127181472,1,
2019,128271084,6,
2019,131317164,8,
2019,128271517,9,
2019,131312165,9,
2019,131312165,1,
2019,124594516,9,
2019,124594142,1,
2019,129143625,6,
2019,129149664,1,
2019,131315606,2,
2019,131317290,1,
2019,131323478,1,
2019,133012281,1,
2019,131313493,1,
2019,130339405,1,
2019,130337185,1,
2019,131319736,10,
2019,134819594,9,
2019,130338076,2,
2019,130335177,1,
2019,130335226,1,
2019,134773308,10,
2019,130337648,6,
2019,134756948,6,
2019,134769967,1,
2019,130302714,9,
2019,130338708,9,
2019,130339281,2,
2019,133011683,9,
2019,133731983,6,
2019,127180767,8,
2019,131302268,1,
2019,131317520,10,
2019,131317869,9,
2019,131320126,9,
2019,131302852,1,
2019,131302852,6,
2019,131311859,10,
2019,133021605,6,
2019,131314699,1,
2019,131314699,9,
2019,131318912,6,
2019,134766232,1,
2019,134765014,1,
2019,134765477,10,
2019,133020318,6,
2019,133738752,10,
2019,133737696,1,
2019,133734329,9,
2019,134766490,9,
2019,133748350,10,
2019,133016781,1,
2019,133016781,6,
2019,132977710,8,
2019,130340582,1,
2019,133000671,1,
2019,133020530,9,
2019,133025519,9,
2019,133028913,6,
2019,125503696,1,
2019,129132467,9,
2019,129149583,1,
2019,129143071,9,
2019,127184608,9,
2019,129141376,10,
2019,129144543,6,
2019,125504165,9,
2019,125504258,1,
2019,125504258,6,
2019,129144648,1,
2019,131320980,9,
2019,131325016,10,
2019,131324449,6,
2019,128273872,1,
2019,128256243,9,
2019,134773088,9,
2019,134768817,10,
2019,131313997,9,
2019,127183601,1,
2019,130333576,1,
2019,133010753,1,
2019,133020036,4,
2019,123884130,1,
2019,133006923,9,
2019,130333080,10,
2019,134768867,1,
2019,124607954,1,
2019,127184223,6,
2019,125499268,10,
2019,128273075,10,
2019,125499502,9,
2019,128272668,9,
2019,128275077,1,
2019,129132681,1,
2019,123903456,6,
2019,129132173,10,
2019,129142729,9,
2019,125495365,6,
2019,131313073,1,
2019,131310633,1,
2019,131324855,1,
2019,133736751,1,
2019,134757174,10,
2019,134762785,1,
2019,134769181,1,
2019,134771175,10,
2019,134757158,6,
2019,134769959,1,
2019,130339050,10,
2019,133014567,10,
2019,131313125,1,
2019,131323373,10,
2019,131319108,1,
2019,131315885,9,
2019,131317346,6,
2019,133014093,1,
2019,133021719,1,
2019,131312906,2,
2019,131312906,9,
2019,133001459,8,
2019,134766493,9,
2019,134757751,10,
2019,133004462,2,
2019,133017886,10,
2019,135111972,6,
2019,135120323,6,
2019,130333021,1,
2019,130333065,1,
2019,133015641,1,
2019,133021617,9,
2019,127189078,10,
2019,133010747,1,
2019,125502941,6,
2019,125503605,1,
2019,127188292,10,
2019,131311732,8,
2019,123903303,1,
2019,125494471,9,
2019,131314467,1,
2019,131317426,10,
2019,131325251,6,
2019,131309409,9,
2019,131302573,1,
2019,131314092,1,
2019,131310860,1,
2019,131311275,1,
2019,131319695,8,
2019,131320438,1,
2019,125495978,9,
2019,131311333,10,
2019,131323862,1,
2019,131310949,9,
2019,134763801,10,
2019,127188681,6,
2019,133736787,9,
2019,124608508,1,
2019,124594170,6,
2019,135120375,6,
2019,135117334,9,
2019,135120806,9,
2019,134773810,10,
2019,131309661,1,
2019,131317263,10,
2019,135486047,10,
2019,133016312,1,
2019,123883501,1,
2019,123884172,9,
2019,123887088,9,
2019,123894260,10,
2019,130333960,1,
2019,130339780,9,
2019,130340841,6,
2019,130340843,6,
2019,134757307,1,
2019,128270698,10,
2019,129149187,1,
2019,125499932,6,
2019,128270851,1,
2019,128271404,10,
2019,124593555,1,
2019,129143029,9,
2019,129141013,2,
2019,131317913,10,
2019,131328364,6,
2019,131314306,10,
2019,131324118,1,
2019,133011764,1,
2019,133014507,9,
2019,131318264,1,
2019,130338262,6,
2019,130342330,1,
2019,133019850,9,
2019,133017908,3,
2019,135115875,9,
2019,134769064,1,
2019,134764281,1,
2019,130340853,6,
2019,130340853,1,
2019,133001805,6,
2019,124608304,1,
2019,131315803,9,
2019,133002548,1,
2019,131302609,10,
2019,133028654,1,
2019,133008555,1,
2019,133005047,1,
2019,133021711,1,
2019,134767607,10,
2019,134767613,10,
2019,135121479,10,
2019,130333371,6,
2019,133020693,10,
2019,133001539,6,
2019,125498487,10,
2019,125494755,1,
2019,125503445,10,
2019,129150374,6,
2019,129143429,10,
2019,129141768,10,
2019,131318378,1,
2019,131323399,1,
2019,125495241,6,
2019,131314572,1,
2019,131301806,10,
2019,131302775,9,
2019,131316310,1,
2019,131313029,1,
2019,131309829,1,
2019,131302671,9,
2019,131302671,1,
2019,131313998,10,
2019,131311529,10,
2019,131324033,1,
2019,125495876,2,
2019,131313735,9,
2019,131313735,1,
2019,131316809,9,
2019,131311541,1,
2019,123887002,6,
2019,129144160,1,
2019,135113910,10,
2019,134757652,1,
2019,134773701,9,
2019,130336960,6,
2019,133000311,1,
2019,133002839,1,
2019,133000530,9,
2019,130341363,1,
2019,125503900,1,
2019,125494336,10,
2019,128270671,9,
2019,128272037,9,
2019,129150613,9,
2019,131314487,1,
2019,128271403,10,
2019,128272260,1,
2019,131314839,1,
2019,131323082,1,
2019,128273028,1,
2019,131302677,1,
2019,131316998,6,
2019,124598922,6,
2019,124594455,1,
2019,131312731,6,
2019,125504595,1,
2019,133730735,1,
2019,125495589,1,
2019,131315229,9,
2019,131301848,2,
2019,131324810,10,
2019,131310362,9,
2019,131318465,2,
2019,131319381,2,
2019,133737007,1,
2019,133000681,1,
2019,133016111,9,
2019,133024051,1,
2019,133021635,6,
2019,130340329,1,
2019,130342845,1,
2019,130333578,2,
2019,130342888,6,
2019,134766727,10,
2019,134771176,10,
2019,130333487,1,
2019,131314740,10,
2019,131317843,10,
2019,131309629,1,
2019,133022986,1,
2019,131312223,6,
2019,131312434,9,
2019,131317898,10,
2019,134769344,10,
2019,134769903,10,
2019,134757418,1,
2019,133010500,8,
2019,124608576,1,
2019,135117269,1,
2019,133013657,1,
2019,133028852,1,
2019,127188196,9,
2019,127188200,10,
2019,131301547,2,
2019,131320486,8,
2019,131302110,1,
2019,131309458,1,
2019,131323659,1,
2019,131308787,10,
2019,131302144,1,
2019,131313462,9,
2019,131312182,1,
2019,131316457,8,
2019,131312797,6,
2019,131317210,1,
2019,131323056,10,
2019,125494174,10,
2019,125494520,6,
2019,131310100,1,
2019,131310100,9,
2019,131313663,1,
2019,131314071,1,
2019,131309289,9,
2019,131325010,10,
2019,131313958,9,
2019,134763111,10,
2019,135116782,10,
2019,134773386,1,
2019,130342505,10,
2019,132999076,6,
2019,123887461,1,
2019,123885218,9,
2019,133025788,1,
2019,125503426,1,
2019,128273637,10,
2019,128274361,9,
2019,128270967,10,
2019,129150119,1,
2019,131297802,9,
2019,131315176,9,
2019,131314569,1,
2019,131315661,6,
2019,131309804,10,
2019,131308821,10,
2019,123887081,8,
2019,125504832,9,
2019,124594292,1,
2019,129143735,1,
2019,131302717,1,
2019,131320297,1,
2019,133028730,6,
2019,131314102,1,
2019,131302330,1,
2019,134757300,1,
2019,135116810,6,
2019,130337578,9,
2019,134768876,9,
2019,134765726,6,
2019,134765866,10,
2019,134768489,9,
2019,134767564,9,
2019,124609152,9,
2019,130302520,1,
2019,130302617,1,
2019,130302649,9,
2019,130338143,6,
2019,133732172,1,
2019,133013893,6,
2019,131313851,10,
2019,131315519,6,
2019,133028754,9,
2019,130342753,9,
2019,130329226,10,
2019,133025637,6,
2019,133004449,1,
2019,134767606,10,
2019,134761591,9,
2019,127184519,1,
2019,134765547,10,
2019,130336810,1,
2019,133021612,9,
2019,133028269,9,
2019,124599054,10,
2019,127181067,9,
2019,125499470,10,
2019,127180928,9,
2019,129142554,9,
2019,131313048,1,
2019,129140738,10,
2019,129142589,6,
2019,125504457,1,
2019,127188892,1,
2019,131301503,6,
2019,131301503,1,
2019,131316301,9,
2019,131319509,1,
2019,131323583,1,
2019,125495714,1,
2019,131310113,6,
2019,131311024,1,
2019,131311729,9,
2019,131323645,1,
2019,131320868,9,
2019,131320868,1,
2019,131312768,10,
2019,131324750,1,
2019,133002226,1,
2019,134769993,10,
2019,131297443,9,
2019,124598831,1,
2019,130337124,2,
2019,130336576,1,
2019,123888139,1,
2019,123891166,9,
2019,134762806,1,
2019,134766914,1,
2019,134770984,1,
2019,125498795,10,
2019,127189136,9,
2019,128274731,1,
2019,125494511,1,
2019,128273300,10,
2019,128256079,9,
2019,127188643,1,
2019,128272285,1,
2019,124594059,1,
2019,131323853,9,
2019,123886609,9,
2019,129140489,10,
2019,133004688,9,
2019,131310802,1,
2019,131318544,1,
2019,131314124,1,
2019,131323588,1,
2019,131325247,10,
2019,131310003,1,
2019,131310418,6,
2019,131315773,6,
2019,133001056,1,
2019,133013286,1,
2019,133734242,9,
2019,133010456,9,
2019,133011696,1,
2019,133020149,9,
2019,131316468,9,
2019,130341578,1,
2019,130339094,1,
2019,130329074,1,
2019,130329074,9,
2019,130337037,9,
2019,134766799,9,
2019,123885903,1,
2019,134768756,6,
2019,130339310,1,
2019,130340364,1,
2019,130342980,1,
2019,130336823,9,
2019,130328776,10,
2019,130333504,6,
2019,130341223,10,
2019,130336767,9,
2019,130333608,10,
2019,133732141,1,
2019,131314760,1,
2019,131297891,1,
2019,131302454,1,
2019,133025247,9,
2019,131317605,9,
2019,131302523,9,
2019,130329297,9,
2019,130337623,6,
2019,133021597,1,
2019,133021597,9,
2019,133737688,1,
2019,133737726,6,
2019,134769904,10,
2019,134766180,6,
2019,134769979,10,
2019,134772920,10,
2019,133737895,1,
2019,134770825,6,
2019,133004081,1,
2019,134757838,10,
2019,130339325,10,
2019,130335749,9,
2019,133016220,9,
2019,133017481,10,
2019,133017722,1,
2019,133017397,1,
2019,133021610,9,
2019,133013153,6,
2019,129148158,9,
2019,129141216,6,
2019,127183715,10,
2019,127188528,9,
2019,131319945,3,
2019,127189482,1,
2019,131318017,6,
2019,131318017,1,
2019,131318229,1,
2019,133736361,10,
2019,131309139,10,
2019,125494469,9,
2019,131309392,1,
2019,131309494,1,
2019,131310130,1,
2019,131321092,1,
2019,131310878,1,
2019,131317885,1,
2019,123884825,1,
2019,131318414,1,
2019,131321177,9,
2019,133008538,10,
2019,133002228,1,
2019,134774044,10,
2019,130333713,6,
2019,123891162,1,
2019,132998590,10,
2019,133006253,1,
2019,133011982,6,
2019,124598934,6,
2019,127180800,1,
2019,125503493,10,
2019,125499455,1,
2019,128271790,10,
2019,129140741,9,
2019,129132896,6,
2019,131314898,1,
2019,131315809,9,
2019,127180822,1,
2019,131321190,6,
2019,133017438,6,
2019,133025470,6,
2019,133028580,10,
2019,130338723,10,
2019,134770846,10,
2019,124593838,6,
2019,133738491,1,
2019,129148492,9,
2019,131314103,1,
2019,131328393,9,
2019,131312847,6,
2019,133014292,1,
2019,133017412,10,
2019,133001051,9,
2019,130335880,6,
2019,130341144,1,
2019,130342952,9,
2019,130333399,2,
2019,130334238,10,
2019,135116748,1,
2019,134769631,1,
2019,134771040,10,
2019,134770243,9,
2019,131320007,9,
2019,130340306,1,
2019,133015003,1,
2019,131314380,1,
2019,131317517,10,
2019,131310019,6,
2019,131311079,1,
2019,131323871,10,
2019,133016701,1,
2019,131323950,1,
2019,133023162,1,
2019,133021458,1,
2019,133028589,6,
2019,133022623,6,
2019,133022797,1,
2019,133006786,1,
2019,133021924,1,
2019,134763777,10,
2019,134766863,1,
2019,134778247,1,
2019,133003117,1,
2019,133008840,1,
2019,124593738,1,
2019,123894154,10,
2019,127189023,10,
2019,125503454,6,
2019,129148958,1,
2019,129144057,9,
2019,129148625,8,
2019,129141321,9,
2019,129147911,1,
2019,131314002,1,
2019,131302138,1,
2019,131309571,1,
2019,131309571,9,
2019,131319416,9,
2019,131324860,6,
2019,131325282,1,
2019,131313669,6,
2019,131324020,10,
2019,131324479,1,
2019,127180433,2,
2019,127184163,10,
2019,124608560,1,
2019,135115915,6,
2019,135115580,9,
2019,135485738,1,
2019,123885211,1,
2019,123887129,9,
2019,133007594,1,
2019,125503491,10,
2019,127181359,6,
2019,129150790,1,
2019,125494162,10,
2019,128271609,9,
2019,128270966,9,
2019,128274840,9,
2019,125494223,10,
2019,128271637,10,
2019,129149029,1,
2019,128272039,9,
2019,131309558,1,
2019,131315585,1,
2019,128273174,9,
2019,130334072,6,
2019,130335939,10,
2019,134769366,6,
2019,124593843,10,
2019,125503450,9,
2019,125503450,1,
2019,131309532,9,
2019,131301670,1,
2019,131301744,10,
2019,133005759,9,
2019,130343449,9,
2019,130340808,6,
2019,130335698,6,
2019,130342951,9,
2019,133024230,6,
2019,130337798,1,
2019,134768741,9,
2019,134771069,1,
2019,134773759,10,
2019,123882328,1,
2019,130340257,10,
2019,130335009,1,
2019,131318526,9,
2019,131313191,9,
2019,131313621,1,
2019,131313776,1,
2019,133007184,9,
2019,130342857,1,
2019,134762148,1,
2019,133004297,9,
2019,133018339,1,
2019,134778471,6,
2019,134756275,1,
2019,127188170,10,
2019,135488465,1,
2019,135120390,9,
2019,135122481,1,
2019,130333178,9,
2019,130340911,9,
2019,133028267,9,
2019,127188210,1,
2019,133024998,1,
2019,125503298,9,
2019,129142474,9,
2019,129141437,10,
2019,129148848,9,
2019,129144418,10,
2019,127188130,10,
2019,127184461,10,
2019,129141251,1,
2019,125495821,1,
2019,131302855,1,
2019,131302012,10,
2019,131309404,10,
2019,131317615,6,
2019,131327937,9,
2019,131309938,9,
2019,131318470,1,
2019,131315969,1,
2019,131320458,10,
2019,131323756,1,
2019,131310221,1,
2019,131311036,1,
2019,131318916,1,
2019,131323477,1,
2019,131316114,9,
2019,131309290,9,
2019,131310309,6,
2019,131310309,1,
2019,131323559,1,
2019,131324506,1,
2019,131324053,9,
2019,133009296,1,
2019,134756482,6,
2019,135120581,10,
2019,134773901,1,
2019,134814236,1,
2019,123887833,2,
2019,124598752,1,
2019,133025640,6,
2019,134766853,9,
2019,131313708,10,
2019,131311902,1,
2019,127189037,1,
2019,125499256,9,
2019,128271882,10,
2019,128275252,9,
2019,128270747,1,
2019,131314061,1,
2019,130334070,6,
2019,123894528,1,
2019,134770499,1,
2019,123885160,1,
2019,125499344,1,
2019,124594127,9,
2019,133730352,10,
2019,131302559,10,
2019,131313231,10,
2019,131309954,1,
2019,131320604,6,
2019,130341892,1,
2019,130341387,10,
2019,134768409,6,
2019,134771043,10,
2019,130336359,1,
2019,130341095,9,
2019,130341095,6,
2019,130334435,1,
2019,130342614,10,
2019,130335239,8,
2019,133009007,9,
2019,133001756,9,
2019,131312326,9,
2019,131316659,1,
2019,131309885,9,
2019,131320420,10,
2019,133006773,6,
2019,130328782,10,
2019,130343085,10,
2019,134761561,1,
2019,133001926,1,
2019,133024103,1,
2019,133021424,1,
2019,134764225,9,
2019,134769214,1,
2019,130333366,10,
2019,130333266,9,
2019,130334776,10,
2019,130336433,9,
2019,133020114,10,
2019,133015252,9,
2019,129141125,6,
2019,129141073,1,
2019,131302773,1,
2019,129141377,10,
2019,131302821,1,
2019,131323332,10,
2019,131309384,1,
2019,131314618,9,
2019,131314618,1,
2019,131324995,10,
2019,131310091,9,
2019,131310091,1,
2019,131314525,1,
2019,131311045,10,
2019,131325009,10,
2019,129144869,9,
2019,129150352,1,
2019,129145348,8,
2019,127180301,10,
2019,133001018,9,
2019,123885575,1,
2019,133025502,1,
2019,133013437,1,
2019,134766173,6,
2019,131314603,1,
2019,125503570,9,
2019,128273130,1,
2019,128275047,1,
2019,125499503,9,
2019,128272683,1,
2019,128270955,1,
2019,129143274,10,
2019,131328089,1,
2019,131309953,1,
2019,124608113,8,
2019,130340305,1,
2019,133021159,6,
2019,133025410,1,
2019,133025410,9,
2019,133726101,1,
2019,134762805,1,
2019,123891153,8,
2019,123891153,9,
2019,124598876,1,
2019,124608702,10,
2019,129149601,9,
2019,125494860,1,
2019,131309928,1,
2019,131313283,1,
2019,131297857,1,
2019,131318547,1,
2019,131324442,1,
2019,131324442,9,
2019,133010245,2,
2019,125504341,1,
2019,125504341,6,
2019,133002203,1,
2019,131308746,17,
2019,130328931,9,
2019,130334237,10,
2019,134764284,1,
2019,134767093,1,
2019,130302681,1,
2019,130342424,9,
2019,130333488,1,
2019,130342690,1,
2019,130340378,1,
2019,133010084,1,
2019,133737068,10,
2019,124593844,6,
2019,127180967,9,
2019,131309543,1,
2019,131302837,1,
2019,133021715,10,
2019,131317706,9,
2019,133018767,1,
2019,133017808,1,
2019,133022781,9,
2019,133732130,9,
2019,130337626,10,
2019,133021102,8,
2019,133021485,9,
2019,133007036,1,
2019,133020328,9,
2019,133004603,6,
2019,133004603,1,
2019,133006643,9,
2019,133019925,9,
2019,134777930,9,
2019,133004967,1,
2019,134768811,9,
2019,133007266,1,
2019,127189081,10,
2019,127188296,10,
2019,131309022,6,
2019,131319771,10,
2019,129150765,9,
2019,131313041,1,
2019,131310562,9,
2019,131297822,9,
2019,131310638,1,
2019,131302833,6,
2019,131313718,1,
2019,131314137,1,
2019,131323093,10,
2019,131323582,1,
2019,131323582,9,
2019,131309082,6,
2019,131310110,6,
2019,131310110,1,
2019,131313688,1,
2019,131313688,9,
2019,131324636,1,
2019,129132203,1,
2019,129153059,2,
2019,133012946,1,
2019,135115744,9,
2019,128274964,9,
2019,134767633,10,
2019,134773917,1,
2019,123888134,6,
2019,124598284,1,
2019,125503894,6,
2019,124609049,9,
2019,128272541,9,
2019,125499363,10,
2019,128272913,1,
2019,128272913,6,
2019,129153020,10,
2019,131314063,1,
2019,131318642,1,
2019,127183876,1,
2019,127181523,10,
2019,131317930,9,
2019,128273917,1,
2019,131313252,1,
2019,133019347,6,
2019,133022299,1,
2019,134771041,10,
2019,125503354,10,
2019,129145257,10,
2019,129145258,10,
2019,124594050,1,
2019,133730351,9,
2019,133730737,1,
2019,129140770,9,
2019,131318022,1,
2019,131316499,10,
2019,131321073,6,
2019,133002387,9,
2019,130333042,10,
2019,134760887,1,
2019,134769240,2,
2019,134757507,6,
2019,134761315,1,
2019,124609151,9,
2019,131317144,9,
2019,130334120,10,
2019,130341739,1,
2019,131309637,1,
2019,131316814,6,
2019,131302620,1,
2019,131302620,9,
2019,131313772,1,
2019,131314269,1,
2019,131313334,9,
2019,131312384,9,
2019,133020122,1,
2019,133020122,6,
2019,133021509,6,
2019,130329065,6,
2019,130343672,10,
2019,130329436,1,
2019,130329437,1,
2019,133011559,10,
2019,133017668,1,
2019,133021050,1,
2019,134757756,2,
2019,134767427,8,
2019,133727182,9,
2019,133748155,1,
2019,133748285,2,
2019,133011943,1,
2019,135119161,9,
2019,135121915,9,
2019,127188511,10,
2019,130340719,1,
2019,133028069,1,
2019,133021687,9,
2019,125494745,1,
2019,125499809,1,
2019,125494292,1,
2019,129148844,10,
2019,129141767,10,
2019,129150471,9,
2019,131314437,1,
2019,131318425,1,
2019,129150682,3,
2019,129143782,6,
2019,129143782,1,
2019,131318832,1,
2019,131318832,9,
2019,131323977,1,
2019,129153007,9,
2019,131309063,9,
2019,125499907,9,
2019,125499907,1,
2019,131323938,9,
2019,131310867,1,
2019,131311234,1,
2019,131314549,1,
2019,131312837,9,
2019,134765188,1,
2019,133012899,6,
2019,124593650,6,
2019,124593377,9,
2019,135115742,9,
2019,134768705,10,
2019,130340694,1,
2019,133001359,9,
2019,133001705,1,
2019,123882458,3,
2019,131302873,9,
2019,131302873,1,
2019,124598799,9,
2019,124598799,1,
2019,127189271,1,
2019,125503492,10,
2019,125495057,10,
2019,128270939,10,
2019,128275020,10,
2019,131309508,1,
2019,131313451,1,
2019,131318030,1,
2019,128274119,10,
2019,134764611,2,
2019,131302625,1,
2019,131315630,1,
2019,133024309,1,
2019,124594387,1,
2019,125503219,10,
2019,133730354,9,
2019,129148739,6,
2019,129149098,1,
2019,131302249,1,
2019,131302713,9,
2019,131319606,6,
2019,133004807,1,
2019,133025190,1,
2019,131297711,1,
2019,130338478,10,
2019,130343450,9,
2019,130342950,9,
2019,135115873,9,
2019,134764589,9,
2019,134771369,1,
2019,134761316,1,
2019,124608917,6,
2019,130342570,1,
2019,131314515,6,
2019,131323372,10,
2019,131328134,1,
2019,131314737,1,
2019,131328425,9,
2019,131320500,10,
2019,131302738,1,
2019,133734823,10,
2019,133008491,1,
2019,133028155,9,
2019,131297878,1,
2019,133748346,9,
2019,135488526,9,
2019,130333161,1,
2019,130333265,9,
2019,125499085,10,
2019,129140509,9,
2019,129145248,3,
2019,129143355,9,
2019,125504826,1,
2019,127188823,1,
2019,131309556,1,
2019,131318230,1,
2019,123906722,1,
2019,131309639,9,
2019,131302257,1,
2019,131302414,10,
2019,131313443,10,
2019,131311480,6,
2019,131311766,6,
2019,131320585,2,
2019,131328104,10,
2019,131328136,6,
2019,131313577,1,
2019,129149530,1,
2019,129132803,10,
2019,134773238,9,
2019,135120629,9,
2019,135116484,10,
2019,134770330,9,
2019,130335592,6,
2019,123884767,10,
2019,123884060,1,
2019,123885356,1,
2019,131314482,1,
2019,131314482,9,
2019,131311300,9,
2019,125494335,9,
2019,133003157,1,
2019,129145201,6,
2019,128272700,10,
2019,128256127,9,
2019,125492817,10,
2019,129148244,6,
2019,128271791,10,
2019,131309482,1,
2019,129144534,1,
2019,128272867,1,
2019,134768247,1,
2019,134770285,1,
2019,134773197,10,
2019,124608671,9,
2019,123887511,2,
2019,133730355,9,
2019,125503006,1,
2019,131309941,1,
2019,131320877,9,
2019,131316996,6,
2019,133006539,1,
2019,133021127,10,
2019,133016151,6,
2019,131302195,1,
2019,131316386,9,
2019,131316467,9,
2019,130339042,6,
2019,130339110,9,
2019,130341285,1,
2019,130333398,2,
2019,133022936,6,
2019,130341523,10,
2019,130336983,9,
2019,130341796,9,
2019,133016831,10,
2019,124608803,9,
2019,131317519,10,
2019,131313639,1,
2019,131318456,1,
2019,131320499,10,
2019,131323771,1,
2019,134761586,9,
2019,134768186,2,
2019,133015544,9,
2019,133015544,1,
2019,133021650,1,
2019,133732127,9,
2019,133016644,6,
2019,133022730,1,
2019,133022825,10,
2019,133029024,10,
2019,133014902,10,
2019,133025327,9,
2019,133009636,6,
2019,133736853,1,
2019,135120354,6,
2019,135121714,1,
2019,134814167,10,
2019,130333184,1,
2019,133014147,9,
2019,127188191,8,
2019,127188267,9,
2019,133012633,6,
2019,125499253,1,
2019,125499110,5,
2019,129148846,10,
2019,131309371,8,
2019,129143081,10,
2019,131314393,1,
2019,129141114,9,
2019,129148672,9,
2019,131319062,1,
2019,131309515,10,
2019,125499685,9,
2019,131319502,1,
2019,131317841,1,
2019,125494516,6,
2019,125499023,9,
2019,131313689,1,
2019,131313689,9,
2019,133008696,1,
2019,129148914,6,
2019,134763217,6,
2019,134767814,9,
2019,133000947,9,
2019,134768611,10,
2019,135115681,9,
2019,135115682,6,
2019,134757545,6,
2019,133019305,1,
2019,123705969,10,
2019,133006832,9,
2019,133023857,9,
2019,131314547,1,
2019,131315093,6,
2019,127180393,10,
2019,128270591,1,
2019,125503011,10,
2019,128271339,10,
2019,128271929,10,
2019,131309376,1,
2019,128273172,9,
2019,131310821,1,
2019,131310728,1,
2019,134767188,1,
2019,124594001,9,
2019,133730358,9,
2019,125494410,10,
2019,125499864,1,
2019,131314633,1,
2019,133000106,10,
2019,133732673,6,
2019,133727257,1,
2019,133011016,1,
2019,133000339,9,
2019,131321348,6,
2019,130338429,9,
2019,130329122,6,
2019,130343489,9,
2019,135122023,9,
2019,134762786,1,
2019,131302183,1,
2019,131325034,10,
2019,131314119,1,
2019,131311025,9,
2019,131316935,6,
2019,131324160,9,
2019,131313652,1,
2019,131310063,1,
2019,131317536,10,
2019,133022642,9,
2019,133004295,9,
2019,133737713,9,
2019,133737713,1,
2019,133736440,10,
2019,134766599,10,
2019,134769571,1,
2019,133020817,1,
2019,134768483,1,
2019,133007431,10,
2019,123906651,2,
2019,127188171,10,
2019,135118165,1,
2019,133001784,9,
2019,133023895,10,
2019,133025300,10,
2019,133028226,9,
2019,133028226,1,
2019,133028498,10,
2019,127188246,10,
2019,129149085,1,
2019,129149085,6,
2019,129141690,9,
2019,127188300,10,
2019,127189182,10,
2019,131313259,9,
2019,131314230,9,
2019,129149013,1,
2019,129148236,10,
2019,131314054,1,
2019,131318391,1,
2019,131315853,11,3
2019,131323825,1,
2019,129152918,1,
2019,131309403,10,
2019,131317616,6,
2019,125494728,8,
2019,131316312,9,
2019,131324992,10,
2019,131318443,1,
2019,131311754,1,
2019,125504353,8,
2019,131311896,1,
2019,131323869,1,
2019,131324554,1,
2019,131323949,1,
2019,131302724,2,
2019,129142233,2,
2019,129148157,10,
2019,134762639,8,
2019,133001234,1,
2019,133727296,2,
2019,130334773,10,
2019,124608284,1,
2019,124594221,6,
2019,124594232,10,
2019,134763986,10,
2019,131315071,6,
2019,125498847,1,
2019,125494342,9,
2019,128275079,1,
2019,131313083,1,
2019,131313519,1,
2019,131313804,1,
2019,131313804,6,
2019,131315271,1,
2019,128271405,10,
2019,128271417,10,
2019,127180825,1,
2019,128273824,10,
2019,128273914,1,
2019,131319796,1,
2019,131319796,9,
2019,133735573,1,
2019,131301742,10,
2019,131313301,6,
2019,131324663,1,
2019,133007045,9,
2019,130334794,1,
2019,131308672,1,
2019,130340239,1,
2019,130340239,9,
2019,134770432,9,
2019,134757215,9,
2019,134757376,9,
2019,124608482,1,
2019,134757743,1,
2019,134762032,10,
2019,130302760,9,
2019,131313004,1,
2019,130342426,9,
2019,130333792,1,
2019,130338572,9,
2019,133020776,6,
2019,131312672,6,
2019,131320182,9,
2019,133025479,9,
2019,130339225,10,
2019,127183666,10,
2019,133025379,1,
2019,133022801,6,
2019,131297738,1,
2019,133738787,1,
2019,133748260,1,
2019,133748435,6,
2019,134778433,1,
2019,134771200,1,
2019,133005027,10,
2019,130302497,9,
2019,127189021,10,
2019,133015794,6,
2019,129141161,1,
2019,131309375,1,
2019,127189321,1,
2019,129141379,10,
2019,129145249,3,
2019,125504635,6,
2019,131302436,10,
2019,131317833,1,
2019,125504530,1,
2019,129143606,10,
2019,125494512,9,
2019,125499688,9,
2019,131309722,1,
2019,131324649,1,
2019,125495779,6,
2019,131324561,1,
2019,131324444,1,
2019,133023864,9,
2019,135115622,7,
2019,134773949,1,
2019,124593845,9,
2019,133002346,9,
2019,133020646,1,
2019,124594178,10,
2019,124594235,2,
2019,133017901,1,
2019,133006328,1,
2019,133006328,9,
2019,127180199,10,
2019,127184060,1,
2019,123903216,1,
2019,125494519,2,
2019,125499903,1,
2019,125499903,9,
2019,128272410,1,
2019,128273165,9,
2019,128273585,6,
2019,128272283,1,
2019,131318114,1,
2019,130333262,1,
2019,127180238,10,
2019,131319240,1,
2019,129145029,1,
2019,124598592,1,
2019,134767875,1,
2019,134771080,1,
2019,134771172,10,
2019,130337235,10,
2019,131324307,1,
2019,131317342,9,
2019,131313039,6,
2019,131313039,9,
2019,131313205,1,
2019,131302701,1,
2019,130328769,10,
2019,130340089,1,
2019,133010740,1,
2019,133021101,1,
2019,133021101,8,
2019,133013474,1,
2019,131312954,1,
2019,133010785,9,
2019,133007848,1,
2019,133020660,1,
2019,133737754,1,
2019,134770656,1,
2019,134778156,10,
2019,134757829,1,
2019,127184526,1,
2019,135488392,1,
2019,135120502,6,
2019,135122773,1,
2019,135112161,10,
2019,130333932,1,
2019,130336806,1,
2019,133015930,6,
2019,133017639,9,
2019,133013297,9,
2019,133014335,10,
2019,125503186,9,
2019,129140512,1,
2019,129140510,9,
2019,129142150,1,
2019,131320064,10,
2019,129144439,5,
2019,133738160,10,
2019,129144560,1,
2019,131323154,9,
2019,131323271,9,
2019,131317562,1,
2019,131313995,1,
2019,131313760,10,
2019,131323468,9,
2019,131321043,9,
2019,131324204,1,
2019,131325154,1,
2019,131314189,1,
2019,123887083,9,
2019,129144919,1,
2019,129143764,10,
2019,127181200,1,
2019,134769916,1,
2019,134773361,9,
2019,134778033,10,
2019,133000294,9,
2019,134764404,10,
2019,130340678,10,
2019,131297619,6,
2019,131311261,1,
2019,127180195,10,
2019,127188235,1,
2019,125498869,1,
2019,128270699,10,
2019,125498765,10,
2019,128274800,6,
2019,131315561,9,
2019,131316250,1,
2019,128273169,9,
2019,131320590,9,
2019,128273916,1,
2019,124608126,9,
2019,133730356,9,
2019,131309469,9,
2019,131316994,6,
2019,133007590,9,
2019,133006787,10,
2019,133006315,1,
2019,130334520,9,
2019,123887500,1,
2019,125503171,1,
2019,125492842,10,
2019,124593471,9,
2019,125499359,1,
2019,130342772,9,
2019,134767186,1,
2019,134770893,9,
2019,130329332,1,
2019,134769538,10,
2019,130302887,1,
2019,130338157,6,
2019,131308400,1,
2019,130338070,6,
2019,130338100,1,
2019,130341470,10,
2019,130341917,1,
2019,130337011,9,
2019,130302816,10,
2019,133010036,1,
2019,131324526,9,
2019,131312194,6,
2019,131317781,6,
2019,133020006,1,
2019,130343091,10,
2019,133028715,1,
2019,133727468,9,
2019,133011977,9,
2019,133011977,1,
2019,133021157,1,
2019,133736945,10,
2019,134767605,10,
2019,133748348,10,
2019,135111974,6,
2019,130333404,1,
2019,128273746,10,
2019,133028851,1,
2019,127189076,10,
2019,129142861,9,
2019,131309425,1,
2019,129144079,1,
2019,129132819,1,
2019,131318765,1,
2019,125504730,6,
2019,131302090,9,
2019,131323445,1,
2019,131318489,9,
2019,131325193,10,
2019,131314530,1,
2019,131323027,6,
2019,131308991,10,
2019,131328078,1,
2019,129149301,9,
2019,134767656,9,
2019,130337840,1,
2019,124598445,1,
2019,124609160,1,
2019,133009660,9,
2019,133009660,1,
2019,123882714,10,
2019,133018504,9,
2019,134762113,9,
2019,130335126,1,
2019,130334830,1,
2019,130340673,9,
2019,134757218,1,
2019,131309112,9,
2019,125503416,9,
2019,128274922,6,
2019,128272286,10,
2019,128272669,9,
2019,131318473,1,
2019,131315191,1,
2019,128256041,1,
2019,131314246,1,
2019,131314246,9,
2019,129142370,2,
2019,133004716,1,
2019,131310363,9,
2019,133014459,6,
2019,133014459,8,
2019,133013055,9,
2019,133021299,1,
2019,130333281,10,
2019,131324166,10,
2019,123882520,1,
2019,125498781,6,
2019,129140880,6,
2019,134761707,10,
2019,134767165,2,
2019,134768214,1,
2019,134768506,6,
2019,131297772,10,
2019,130329019,10,
2019,130342615,1,
2019,131320022,9,
2019,131320637,9,
2019,130338999,10,
2019,130343594,8,
2019,130302593,6,
2019,130338749,1,
2019,133012724,9,
2019,133020423,10,
2019,131310656,1,
2019,131309677,1,
2019,131302811,1,
2019,131313642,1,
2019,133022843,1,
2019,130329227,10,
2019,130343753,9,
2019,130343756,10,
2019,133727469,9,
2019,133023792,10,
2019,134765954,1,
2019,134757357,10,
2019,134762920,1,
2019,134762920,6,
2019,133747961,1,
2019,132977683,6,
2019,135118395,1,
2019,133023562,6,
2019,129141078,10,
2019,127188295,10,
2019,131318116,1,
2019,127189123,9,
2019,131315548,6,
2019,125495001,10,
2019,125492866,6,
2019,129141852,1,
2019,131301602,9,
2019,131309525,1,
2019,131313342,1,
2019,131310810,1,
2019,131312681,9,
2019,131313496,1,
2019,131308723,1,
2019,131328061,1,
2019,127188179,10,
2019,135120449,9,
2019,124598599,9,
2019,130333575,1,
2019,133020672,9,
2019,131319897,1,
2019,124594065,1,
2019,127181712,1,
2019,125499672,1,
2019,125499361,10,
2019,128271789,10,
2019,128272298,1,
2019,131302412,1,
2019,128273641,1,
2019,131323999,6,
2019,128271191,1,
2019,131314602,1,
2019,131324128,1,
2019,131301741,10,
2019,133001052,9,
2019,131321336,9,
2019,130337886,9,
2019,123883962,10,
2019,123887607,9,
2019,129143525,1,
2019,134762659,1,
2019,134771150,9,
2019,130338477,10,
2019,130338085,6,
2019,131302217,1,
2019,131312790,9,
2019,130329399,9,
2019,130343416,9,
2019,133727899,9,
2019,133738539,9,
2019,131315122,1,
2019,131320339,9,
2019,131317516,10,
2019,131320825,1,
2019,131302533,1,
2019,131314666,1,
2019,131317472,1,
2019,133017036,1,
2019,131313893,1,
2019,131317334,6,
2019,133023132,6,
2019,133732121,9,
2019,130343087,10,
2019,133012958,10,
2019,133737747,1,
2019,133737865,9,
2019,133020444,9,
2019,127184234,10,
2019,134765548,6,
2019,135488493,1,
2019,130339456,9,
2019,133021611,9,
2019,133007688,9,
2019,132999089,9,
2019,132999089,6,
2019,129143020,1,
2019,129148627,8,
2019,131312891,6,
2019,129141862,10,
2019,129149072,10,
2019,125502962,9,
2019,131302320,1,
2019,131314023,1,
2019,131311201,1,
2019,125502961,9,
2019,129142161,1,
2019,129149642,1,
2019,129150773,10,
2019,131301603,9,
2019,131310646,1,
2019,131313622,10,
2019,131311527,10,
2019,131324719,10,
2019,131323864,1,
2019,131324280,9,
2019,131315537,1,
2019,133009297,1,
2019,134764239,1,
2019,135122056,1,
2019,128264308,1,
2019,130336079,1,
2019,124594367,9,
2019,124609178,9,
2019,135485827,9,
2019,133010750,1,
2019,123888065,6,
2019,123885350,1,
2019,133013272,9,
2019,133020452,9,
2019,131311797,1,
2019,127180211,9,
2019,127180820,1,
2019,128270962,3,
2019,128272368,1,
2019,128275078,1,
2019,129141239,10,
2019,128273167,9,
2019,128274515,6,
2019,131318613,1,
2019,131316136,9,
2019,129132193,9,
2019,125495096,9,
2019,131309534,9,
2019,131313690,1,
2019,131320736,6,
2019,133005325,10,
2019,129144656,6,
2019,130333781,9,
2019,134769282,1,
2019,130343919,1,
2019,130343919,3,
2019,134771050,10,
2019,131309524,1,
2019,130333527,10,
2019,130342556,1,
2019,130343501,9,
2019,130338254,10,
2019,130341140,1,
2019,130343746,10,
2019,133016581,9,
2019,133737578,1,
2019,131320402,1,
2019,131297777,1,
2019,131314815,1,
2019,131312388,9,
2019,131320431,1,
2019,131314125,9,
2019,131313196,1,
2019,131323651,9,
2019,131317873,10,
2019,133008506,6,
2019,133008506,1,
2019,133028285,1,
2019,133002038,1,
2019,133737686,1,
2019,133736385,9,
2019,133020454,1,
2019,135122950,1,
2019,135111892,9,
2019,133028262,9,
2019,133028268,9,
2019,133021624,9,
2019,133007075,6,
2019,133019488,1,
2019,125503862,1,
2019,125503862,9,
2019,129148728,1,
2019,127188290,10,
2019,129141610,6,
2019,131302611,1,
2019,131302680,1,
2019,129141388,10,
2019,131313058,10,
2019,131309140,10,
2019,125498900,1,
2019,131310052,1,
2019,131312700,9,
2019,128256244,9,
2019,130337438,6,
2019,130336450,9,
2019,123885612,1,
2019,124608460,10,
2019,133013038,9,
2019,133001632,9,
2019,133012945,9,
2019,127183992,1,
2019,131310481,9,
2019,124593624,9,
2019,128272689,10,
2019,128271163,1,
2019,125495398,1,
2019,128272671,9,
2019,131302322,1,
2019,128256028,6,
2019,129141757,9,
2019,131302561,10,
2019,131310579,1,
2019,131317289,1,
2019,131321257,1,
2019,133738681,6,
2019,133007406,10,
2019,131297804,1,
2019,130333079,10,
2019,130302715,1,
2019,130335392,1,
2019,130340971,10,
2019,134768711,6,
2019,130338737,1,
2019,133737135,10,
2019,131313241,9,
2019,131313304,1,
2019,131313304,9,
2019,131321111,9,
2019,131323669,10,
2019,131316373,1,
2019,131316441,9,
2019,131316441,1,
2019,131313647,1,
2019,131313647,9,
2019,131313843,9,
2019,130338240,10,
2019,133022798,1,
2019,132999600,1,
2019,133023544,10,
2019,133025394,1,
2019,134767569,10,
2019,133736430,1,
2019,133737845,9,
2019,133747934,3,
2019,133748261,1,
2019,133748472,1,
2019,134778159,9,
2019,124593174,1,
2019,135115593,6,
2019,135488393,1,
2019,127180620,10,
2019,127188253,1,
2019,125498976,1,
2019,129140951,1,
2019,129141770,10,
2019,129149075,9,
2019,129140341,9,
2019,131317977,1,
2019,131318904,2,
2019,123894355,9,
2019,131301291,9,
2019,131324596,9,
2019,131315416,1,
2019,131311462,9,
2019,131324333,1,
2019,131324602,1,
2019,125495788,1,
2019,131302477,1,
2019,131318501,1,
2019,131310119,1,
2019,131313671,9,
2019,131323260,6,
2019,131323961,1,
2019,129147963,2,
2019,129147963,9,
2019,134772934,1,
2019,133727322,9,
2019,124594077,1,
2019,124608969,10,
2019,124593119,1,
2019,124593841,10,
2019,130335998,1,
2019,133000310,1,
2019,133002566,4,
2019,133020647,1,
2019,133012096,1,
2019,133017153,9,
2019,133017153,1,
2019,127183511,1,
2019,131297683,1,
2019,128270728,1,
2019,128273302,10,
2019,125500087,1,
2019,128256120,1,
2019,131297894,1,
2019,129148032,10,
2019,131316710,9,
2019,125498992,10,
2019,131301660,6,
2019,131316995,6,
2019,133012307,10,
2019,131314089,10,
2019,131320953,6,
2019,130336821,1,
2019,133002047,6,
2019,123887619,9,
2019,123882775,1,
2019,129142267,1,
2019,129144156,10,
2019,130337099,9,
2019,134770966,8,
2019,123884434,9,
2019,130337396,1,
2019,134768857,9,
2019,134771039,10,
2019,134767196,9,
2019,130339085,1,
2019,130342106,1,
2019,130329127,1,
2019,130336345,6,
2019,130343422,1,
2019,130343444,5,
2019,130343444,4,
2019,133012937,9,
2019,131302534,1,
2019,131313306,9,
2019,131313306,1,
2019,131313104,1,
2019,133015811,1,
2019,133737685,1,
2019,134769935,10,
2019,134765717,10,
2019,133025242,9,
2019,134765980,6,
2019,133003116,1,
